State,1/22/2020,1/23/2020,1/24/2020,1/25/2020,1/26/2020,1/27/2020,1/28/2020,1/29/2020,1/30/2020,1/31/2020,2/1/2020,2/2/2020,2/3/2020,2/4/2020,2/5/2020,2/6/2020,2/7/2020,2/8/2020,2/9/2020,2/10/2020,2/11/2020,2/12/2020,2/13/2020,2/14/2020,2/15/2020,2/16/2020,2/17/2020,2/18/2020,2/19/2020,2/20/2020,2/21/2020,2/22/2020,2/23/2020,2/24/2020,2/25/2020,2/26/2020,2/27/2020,2/28/2020,2/29/2020,3/1/2020,3/2/2020,3/3/2020,3/4/2020,3/5/2020,3/6/2020,3/7/2020,3/8/2020,3/9/2020,3/10/2020,3/11/2020,3/12/2020,3/13/2020,3/14/2020,3/15/2020,3/16/2020,3/17/2020,3/18/2020,3/19/2020,3/20/2020,3/21/2020,3/22/2020,3/23/2020,3/24/2020,3/25/2020,3/26/2020,3/27/2020,3/28/2020,3/29/2020,3/30/2020,3/31/2020,4/1/2020,4/2/2020,4/3/2020,4/4/2020,4/5/2020,4/6/2020,4/7/2020,4/8/2020,4/9/2020,4/10/2020,4/11/2020,4/12/2020,4/13/2020,4/14/2020,4/15/2020,4/16/2020,4/17/2020,4/18/2020,4/19/2020,4/20/2020,4/21/2020,4/22/2020,4/23/2020,4/24/2020,4/25/2020,4/26/2020,4/27/2020,4/28/2020,4/29/2020,4/30/2020,5/1/2020,5/2/2020,5/3/2020,5/4/2020,5/5/2020,5/6/2020,5/7/2020,5/8/2020,5/9/2020,5/10/2020,5/11/2020,5/12/2020,5/13/2020,5/14/2020,5/15/2020,5/16/2020,5/17/2020,5/18/2020,5/19/2020,5/20/2020,5/21/2020,5/22/2020,5/23/2020,5/24/2020,5/25/2020,5/26/2020,5/27/2020,5/28/2020,5/29/2020,5/30/2020,5/31/2020,6/1/2020,6/2/2020,6/3/2020,6/4/2020,6/5/2020,6/6/2020,6/7/2020,6/8/2020,6/9/2020,6/10/2020,6/11/2020,6/12/2020,6/13/2020,6/14/2020,6/15/2020,population
AK,,,,,,,,,,,,,,,,,,,,,,,,,,,,,,,,,,,,,,,,,,,,,,,,,,,0.0,0.0,0.0,0.0,0.0,0.0,0.0,0.1,0.25,0.3,0.0,0.0,0.0,0.01694915254237288,0.014492753623188406,0.023529411764705882,0.0196078431372549,0.02631578947368421,0.025210084033613446,0.022556390977443608,0.02112676056338028,0.02040816326530612,0.01910828025477707,0.029239766081871343,0.03783783783783784,0.03664921465968586,0.028169014084507043,0.030973451327433628,0.029661016949152543,0.02834008097165992,0.031007751937984496,0.029304029304029304,0.02877697841726619,0.03146853146853147,0.030612244897959183,0.029900332225913623,0.02903225806451613,0.02857142857142857,0.028125,0.027950310559006212,0.02727272727272727,0.026785714285714284,0.026627218934911243,0.026470588235294117,0.026470588235294117,0.02631578947368421,0.02601156069364162,0.02556818181818182,0.025280898876404494,0.025280898876404494,0.024657534246575342,0.02459016393442623,0.024390243902439025,0.02425876010781671,0.024193548387096774,0.02680965147453083,0.02666666666666667,0.026455026455026454,0.026385224274406333,0.02631578947368421,0.02617801047120419,0.026041666666666668,0.026041666666666668,0.02577319587628866,0.0,0.0,0.02518891687657431,0.025,0.025,0.024875621890547265,0.024875621890547265,0.024752475247524754,0.024509803921568627,0.024509803921568627,0.02444987775061125,0.024330900243309004,0.024271844660194174,0.023529411764705882,0.023255813953488372,0.02304147465437788,0.021739130434782608,0.021413276231263382,0.02053388090349076,0.019801980198019802,0.01949317738791423,0.019083969465648856,0.018656716417910446,0.01838235294117647,0.017761989342806393,0.019197207678883072,0.01854974704890388,0.018032786885245903,0.0192,0.018404907975460124,0.018154311649016642,0.018072289156626505,1.0
AL,,,,,,,,,,,,,,,,,,,,,,,,,,,,,,,,,,,,,,,,,,,,,,,,,,,,0.0,0.0,0.0,0.0,0.0,0.0,0.0,0.0,0.0,0.0,0.0,0.0,0.0025906735751295338,0.0018832391713747645,0.003129890453834116,0.0041841004184100415,0.0048484848484848485,0.006376195536663124,0.013039117352056168,0.014466546112115732,0.013385826771653543,0.013689700130378096,0.015931372549019607,0.01684782608695652,0.01597603594608088,0.01775147928994083,0.01920768307322929,0.016913319238900635,0.01928832723644829,0.018393623543838136,0.017029592406476828,0.016052631578947367,0.018476335105036698,0.017701203681850367,0.018636363636363635,0.0212624584717608,0.023310023310023312,0.02287114559934654,0.02207331493890422,0.02651871356027835,0.031261164701679174,0.033648068669527895,0.0345170925987388,0.03412200225333977,0.03397226118123734,0.03472540920911733,0.03558718861209965,0.037738577212261426,0.038085799235452356,0.03934740882917467,0.037708579687294706,0.036651870640456566,0.03662145499383477,0.037221431958274064,0.039235991255321595,0.04068096396197214,0.04060102301790281,0.04013239553165081,0.039538881585600164,0.03945297127115309,0.041841803591899124,0.04187307224974297,0.04236524247340905,0.04232897163431984,0.041298946105732155,0.041213460231135285,0.040238450074515646,0.04040730564085987,0.04000306536899379,0.03944817300521999,0.03957571324067301,0.0389344262295082,0.038464189701523405,0.03725154666315651,0.03706543967280164,0.03637157651756192,0.03654926599407962,0.03581703951617638,0.03560318008987211,0.035240069471679084,0.03524060067960101,0.035274325717696856,0.035034765267072714,0.03469039752744325,0.0351281916845803,0.03470495712618601,0.03406724189229396,0.03457989315201554,0.03431256228940249,0.034171830204383614,0.033371896413633535,0.0327433249046415,0.031709331131296446,0.030433921141272042,0.029461023142509136,1.0
AR,,,,,,,,,,,,,,,,,,,,,,,,,,,,,,,,,,,,,,,,,,,,,,,,,,0.0,0.0,0.0,0.0,0.0,0.0,0.0,0.0,0.0,0.0,0.0,0.0,0.0,0.009009009009009009,0.0033783783783783786,0.006097560975609756,0.016,0.01240694789081886,0.011235955056179775,0.013888888888888888,0.014285714285714285,0.01610305958132045,0.017699115044247787,0.01639344262295082,0.01756756756756757,0.017584994138335287,0.017259978425026967,0.01805416248746239,0.016713091922005572,0.01832460732984293,0.019983347210657785,0.020374898125509373,0.02115987460815047,0.018342391304347828,0.02140468227424749,0.021343377275580666,0.022910216718266253,0.021893491124260357,0.021396396396396396,0.021922428330522766,0.02133062468257999,0.01902654867256637,0.018402342116269343,0.017321016166281754,0.016743854649091557,0.016511867905056758,0.01667778519012675,0.01664490861618799,0.01825752722613709,0.018431740081224616,0.018660140715815236,0.01937046004842615,0.02144133412745682,0.021949078138718173,0.023114706732158336,0.023566155593412835,0.02411976711948988,0.023835319609967497,0.02349799732977303,0.02349799732977303,0.022710257050162216,0.023278850916295196,0.0228310502283105,0.022904368358913813,0.02245131729667812,0.021963245181532944,0.021416083916083916,0.020596889449348465,0.020781379883624274,0.02072328321820398,0.021391443422630947,0.020161290322580645,0.02014260249554367,0.019923769923769923,0.019594594594594596,0.019409422694094226,0.019265015379634126,0.019117412776804205,0.0191394885928648,0.01948051948051948,0.018972895863052782,0.01833976833976834,0.017871539908626714,0.017402431222008956,0.017489456710493675,0.017810496319164093,0.017454629522598544,0.016811339413251292,0.01623514431239389,0.015920295809367296,0.01597856292179436,0.015917422342272815,0.015812835213611983,0.01524337432877187,0.014635356375062015,0.014321145691655332,0.014089958968800805,1.0
AZ,,,,,0.0,0.0,0.0,0.0,0.0,0.0,0.0,0.0,0.0,0.0,0.0,0.0,0.0,0.0,0.0,0.0,0.0,0.0,0.0,0.0,0.0,0.0,0.0,0.0,0.0,0.0,0.0,0.0,0.0,0.0,0.0,0.0,0.0,0.0,0.0,0.0,0.0,0.0,0.0,0.0,0.0,0.0,0.0,0.0,0.0,0.0,0.0,0.0,0.0,0.0,0.0,0.0,0.0,0.0,0.0,0.009708737864077669,0.013157894736842105,0.008547008547008548,0.015337423312883436,0.012468827930174564,0.015748031496062992,0.0196078431372549,0.019404915912031046,0.018498367791077257,0.01733102253032929,0.018619084561675717,0.02050919377652051,0.020050125313283207,0.023176936122102882,0.02576808721506442,0.028206258263552227,0.026465798045602607,0.02796116504854369,0.028980190755685985,0.028495692511597084,0.030536804885888783,0.03183023872679045,0.03221248940378638,0.03269386652256147,0.03415659485023647,0.03558808682483594,0.03519130845536136,0.03727534945640115,0.03730394234845273,0.037134740259740256,0.03672985781990521,0.039421062654732435,0.04158270745557795,0.04299583911234397,0.043852391196425616,0.04331210191082802,0.04198590254367147,0.040798094103633116,0.041882556131260795,0.041932796445431825,0.04157949790794979,0.04120085416404974,0.04136776661884266,0.041666666666666664,0.04036326942482341,0.04223989681857266,0.04368431897795178,0.04505229283990346,0.04883146494394832,0.048266423357664234,0.04794027702824249,0.04736795852008085,0.047635279079676185,0.048542094455852156,0.04900181488203267,0.049210206561360874,0.04959283985034114,0.04857573365860659,0.04820042342978123,0.048125772346560486,0.04994294153185205,0.0494939601697682,0.04933683603511245,0.04956668121453956,0.048717791786523044,0.0483695652173913,0.0478488857108807,0.047853542668443314,0.04790857400213928,0.04765773084213377,0.046533367956374964,0.04523087628609772,0.04522188540476072,0.04400207068567932,0.04383438343834383,0.043466795587395066,0.04126423081665365,0.04066637853129543,0.038863475770761276,0.037756982331900134,0.03770851003675431,0.036580463620527935,0.035857083453283436,0.034509994531867066,0.0343316501247896,0.033229665742063826,0.032529628116060486,1.0
CA,,,,,0.0,0.0,0.0,0.0,0.0,0.0,0.0,0.0,0.0,0.0,0.0,0.16666666666666666,0.16666666666666666,0.16666666666666666,0.16666666666666666,0.16666666666666666,0.14285714285714285,0.14285714285714285,0.125,0.125,0.125,0.125,0.25,0.2222222222222222,0.2222222222222222,0.2222222222222222,0.16666666666666666,0.16666666666666666,0.16666666666666666,0.15384615384615385,0.15384615384615385,0.13333333333333333,0.125,0.1111111111111111,0.09090909090909091,0.09090909090909091,0.06666666666666667,0.058823529411764705,0.0625,0.04838709677419355,0.05063291139240506,0.03361344537815126,0.030534351145038167,0.02577319587628866,0.027149321266968326,0.02147239263803681,0.019886363636363636,0.017241379310344827,0.013888888888888888,0.014492753623188406,0.01891891891891892,0.018418201516793065,0.018066847335140017,0.01669195751138088,0.016906700062617408,0.017738359201773836,0.0171021377672209,0.01662156938538848,0.01839464882943144,0.019897669130187607,0.019688644688644688,0.019709146574818218,0.020468801584681413,0.020128224243327865,0.019887478738715166,0.02098695405558707,0.021136453008257963,0.021584627533561464,0.02226577812622501,0.022981145499822126,0.022922636103151862,0.02351163493502569,0.02530215746074777,0.02631441821687249,0.026847617642720166,0.02763609385143281,0.028011701090328873,0.028890880382366747,0.029709047755452796,0.030124908155767818,0.03243901538915747,0.03452321695228614,0.034364377974167234,0.037205228842972525,0.03725744674116046,0.036139242375033215,0.03677332886580667,0.03794311186584589,0.038603498837091715,0.038991214270155145,0.039703982144954776,0.039223318755295035,0.03931639068449482,0.04018184168569828,0.039778665846910546,0.040360081077858594,0.0407249344535242,0.04069204410011919,0.040184177480117204,0.04061148582513214,0.04044117647058824,0.04051004102074101,0.04072274862520642,0.04068641875880868,0.040255093639126334,0.03994411353776013,0.040004609821801575,0.04049945099805738,0.040619484765983066,0.04069674319273892,0.04102184279941268,0.04071324322609303,0.04041159962581852,0.0400918058404141,0.0406104685823298,0.040596106490730845,0.040725057741950094,0.040395249950428515,0.040306915306915304,0.03971455494499677,0.03895606839551891,0.03826701785660634,0.03839924614976884,0.038389063010748556,0.038199360531078,0.03759896854797705,0.03700877527661198,0.03620439730224726,0.03671684209630619,0.03658027802346345,0.036197181953444506,0.03590287618851583,0.03569960842088939,0.035265097298778816,0.03478384272952705,0.03469893250915149,0.03473693250128814,0.03440427819433391,0.03390499255096974,0.033629602033077424,0.03322241761402637,0.0328543809052779,1.0
CO,,,,,,,,,,,,,,,,,,,,,,,,,,,,,,,,,,,,,,,,,,,,,0.0,0.0,0.0,0.0,0.0,0.0,0.0,0.012987012987012988,0.009900990099009901,0.007633587786259542,0.00625,0.01092896174863388,0.01092896174863388,0.007220216606498195,0.011049723756906077,0.01263157894736842,0.011844331641285956,0.009722222222222222,0.012074643249176729,0.017495395948434623,0.016794961511546535,0.01789838337182448,0.021348859776807377,0.020381613183000868,0.020579268292682928,0.02327150084317032,0.02394492666866208,0.026047261009667026,0.026599568655643422,0.0276013143483023,0.02808080808080808,0.029002320185614848,0.032971081230429175,0.034129089301503095,0.03722531977697606,0.039544447959506485,0.041277493220849656,0.04204117135401566,0.04068462401795735,0.04513031550068587,0.047644468170292276,0.043112391930835735,0.0432235242095954,0.043602800763844686,0.04340224210634578,0.04445544554455445,0.04655172413793104,0.04672983166222059,0.04918619209443749,0.05521321173280749,0.052002483700714065,0.050767502807937105,0.05104038280287102,0.05145413870246085,0.051949813496100374,0.05091409475132691,0.052010655841684635,0.05128205128205128,0.05064966313763234,0.05034907111584428,0.051888965676111495,0.051654514862591136,0.05138533558325622,0.05093748340149785,0.049919983480460485,0.04929684723561964,0.04966037735849057,0.05006947201270345,0.0518884057262911,0.052376380220835336,0.05418394270637015,0.05512393636699963,0.05536553108040316,0.05514507118399712,0.05592880978865406,0.05693731631355003,0.056432824229873155,0.05624866936342346,0.05531435250897554,0.05501510949207269,0.05493236555592214,0.055048488305761555,0.05620608899297424,0.056566219497631465,0.0560674683741996,0.05529159322553452,0.05478049890059898,0.05482183843172668,0.054993466492439795,0.0551777662798433,0.0551920757337622,0.05507876154263987,0.05476352928502173,0.054464285714285715,0.05468611377266759,0.05475778851921109,0.0551656372824256,0.05526462784527301,0.05534351145038168,0.055073063137579266,0.05489374849806035,0.05478002662206901,1.0
CT,,,,,,,,,,,,,,,,,,,,,,,,,,,,,,,,,,,,,,,,,,,,,,,,0.0,0.0,0.0,0.0,0.0,0.0,0.0,0.0,0.0,0.010416666666666666,0.018867924528301886,0.020618556701030927,0.02242152466367713,0.024464831804281346,0.024096385542168676,0.019417475728155338,0.021714285714285714,0.020750988142292492,0.020914020139426802,0.021653543307086614,0.017059708981435023,0.014002333722287048,0.022058823529411766,0.023896542029800395,0.029027196652719665,0.02706002034587996,0.03127369219105383,0.03330396475770925,0.029829134086301768,0.03559953733453284,0.038150552328891925,0.03883892068683565,0.04251281078003416,0.04291920069504779,0.04603240548400499,0.04498916373963082,0.04796625920366002,0.05883549108655867,0.06113069755729036,0.0616336486406092,0.06188034188034188,0.0627435697583788,0.06717133484733788,0.06989194499017681,0.06862788731140683,0.07086580086580087,0.07370093223527445,0.0757058009925962,0.07610115160869049,0.07735507943224218,0.07935542718151414,0.08099525535173908,0.08148014440433213,0.08131692393269364,0.08317683613890121,0.0851913818417728,0.08527674907416675,0.08598674112537148,0.08769156315534764,0.08797155712173174,0.08867359846965536,0.08889158379820519,0.08842462895630923,0.08908633200059234,0.0885736754725774,0.0896571510543681,0.09076810286487706,0.09103505611750035,0.09094624417622538,0.09105000133621957,0.0904606989190891,0.09032006245120999,0.0904244412548698,0.09134505012371502,0.09175075681130171,0.09179951026935186,0.09126405535648091,0.09155188021432241,0.09138089925789397,0.09206064716140283,0.0920618879183811,0.09262008524495953,0.09309409357003474,0.09341010876519514,0.09224936815501264,0.09241937735585648,0.09257153465920957,0.0926731116147833,0.09291302346985734,0.09254398977565785,0.09259217140127823,0.09262451238319877,0.09267265771781696,0.09290369134327012,0.09325026427655699,0.09306749015395632,0.0930346268391341,0.09315323707498836,0.0929368851553001,1.0
DC,,,,,,,,,,,,,,,,,,,,,,,,,,,,,,,,,,,,,,,,,,,,,,,0.0,0.0,0.0,0.0,0.0,0.0,0.0,0.0,0.0,0.0,0.0,0.0,0.012987012987012988,0.01020408163265306,0.017241379310344827,0.014598540145985401,0.01092896174863388,0.012987012987012988,0.011235955056179775,0.013157894736842105,0.014619883040935672,0.022443890274314215,0.01818181818181818,0.01877133105802048,0.020477815699658702,0.022970903522205207,0.02774108322324967,0.02328159645232816,0.022044088176352707,0.020054694621695533,0.018166804293971925,0.01875,0.014445173998686802,0.01325301204819277,0.012373453318335208,0.011733333333333333,0.011733333333333333,0.03255587949465501,0.032771961766044605,0.03446808510638298,0.034733441033925685,0.034133533383345835,0.034371643394199784,0.0358729074137342,0.036152356358941255,0.03961322520274485,0.04135673906575424,0.04336734693877551,0.04460665044606651,0.04634209841187191,0.047533401849948614,0.04757135703555333,0.04992693619094009,0.05181586860976174,0.04959209961356806,0.050031269543464665,0.05003987240829346,0.049903288201160544,0.0496054114994363,0.048342794360007324,0.05040679165192784,0.05153415833192066,0.05096689609963946,0.05149872448979592,0.0513382375958679,0.05181187355435621,0.0531591737545565,0.053147268408551065,0.05355843399796245,0.053251917069014484,0.05376947915204268,0.05392022008253095,0.053806833467850416,0.05390014567606939,0.05290190035952748,0.0529583174965159,0.05360281195079086,0.0532675709001233,0.053495440729483285,0.052795776337892966,0.052938377349512254,0.05334432406971267,0.053876786132583745,0.05299988528163359,0.05294852857629815,0.052839561928418204,0.052892189961737564,0.0524622892635315,0.052083333333333336,0.0520708772692684,0.052109181141439205,0.052400342906129445,0.05229523910959634,0.052248258391386956,0.05232253329139142,0.05235165293565544,0.05241350735446447,0.05263157894736842,0.052728575816525035,0.05255638330441882,1.0
DE,,,,,,,,,,,,,,,,,,,,,,,,,,,,,,,,,,,,,,,,,,,,,,,,,,,0.0,0.0,0.0,0.0,0.0,0.0,0.0,0.0,0.0,0.0,0.0,0.0,0.0,0.0,0.0,0.012121212121212121,0.02336448598130841,0.02586206896551724,0.026515151515151516,0.03134796238244514,0.029891304347826088,0.030534351145038167,0.03111111111111111,0.023608768971332208,0.020802377414561663,0.019157088122605363,0.017241379310344827,0.017025089605734768,0.01902398676592225,0.024132730015082957,0.02231237322515213,0.021367521367521368,0.019875070982396367,0.02232606438213915,0.022840119165839126,0.02506024096385542,0.026259147653895823,0.02639873916469661,0.02639873916469661,0.02622950819672131,0.027976799727055614,0.0278125,0.02781136638452237,0.02905287623474724,0.03131991051454139,0.029747149231531978,0.030033637674195098,0.02994535519125683,0.030934479054779807,0.03210815378115758,0.03233021553477023,0.0333465660976578,0.03398617511520737,0.034417549167927386,0.03481660770806181,0.03340256143994462,0.03401246001010271,0.03305514645720831,0.0321656050955414,0.03133240266790755,0.034019832189168576,0.035009642486278,0.03552934407364787,0.036041031327973386,0.03679065978821613,0.03794613241342709,0.03780964797913951,0.037738246505717915,0.037825059101654845,0.037832560410056136,0.03780109706653947,0.037753546722945244,0.037284234752589185,0.03700760585764559,0.03703290574456219,0.037061548643282594,0.0379287598944591,0.037727619670701124,0.03854482459939368,0.038314582891105925,0.03853442830069488,0.03831337844872462,0.03851316468766133,0.03861202635914333,0.039503386004514675,0.03970121764043794,0.03961401726764855,0.040032186682760006,0.0399117529081428,0.04091816367265469,0.04107000795544948,0.041173545499751364,0.04069595989383663,0.04096197086714244,0.041114575214341385,0.04090909090909091,1.0
FL,,,,,,,,,,,,,,,,,,,,,,,,,,,,,,,,,,,,,,,,,0.0,0.0,0.0,0.0,1.0,0.3333333333333333,0.2222222222222222,0.14285714285714285,0.08,0.04081632653061224,0.034482758620689655,0.03125,0.03125,0.022058823529411766,0.029940119760479042,0.027777777777777776,0.021341463414634148,0.018518518518518517,0.015337423312883436,0.013123359580052493,0.012935323383084577,0.015484922575387123,0.014872521246458924,0.012658227848101266,0.012300123001230012,0.014383989993746092,0.013868251609707775,0.011924009700889249,0.012447405329593268,0.012609405132769619,0.012832385236142347,0.015985790408525755,0.016556291390728478,0.016891891891891893,0.017894736842105262,0.01863673050113728,0.020071879026242627,0.0205758695375207,0.022049209556638534,0.023319234194122886,0.023490993363531023,0.023171651168635336,0.021932537228222086,0.026400961716293695,0.027265864381189216,0.0286203941730934,0.029336889319917566,0.02934368992977914,0.029416235937975068,0.0304183914843288,0.031110951629108655,0.03243980963045913,0.033291732721691905,0.034258015917204336,0.03421325723180698,0.0340660386335522,0.03385611152601444,0.035653391791499206,0.03669558929862617,0.037607598693974474,0.03784017278617711,0.03846587704455725,0.03822273961971284,0.03792150059633525,0.039220924951241014,0.04039367385068814,0.041104357680024725,0.042529849984692315,0.042827141357067854,0.042344073307715044,0.04233565955785467,0.04246127407690288,0.0431018212701708,0.04339373741581615,0.04343589975982236,0.04380718589600536,0.04328178128770429,0.04298389180807994,0.04369407754580315,0.04411207078154624,0.04405087218261388,0.04426962201953607,0.04452690166975881,0.04395863641725317,0.043501787612329694,0.043192865617943124,0.0440218114110919,0.04432767195270714,0.04424177921315326,0.04413489471499973,0.04362457933441356,0.04327092278454283,0.04402318658937804,0.043633640788264524,0.043318600245920706,0.04326117715939955,0.0428311928359731,0.042231050771107705,0.04177131323092094,0.041895208945725626,0.04156152590173668,0.04121964991530209,0.040538255600958154,0.03976886471787899,0.03878677200365239,0.03799498228280268,1.0
GA,,,,,,,,,,,,,,,,,,,,,,,,,,,,,,,,,,,,,,,,,,0.0,0.0,0.0,0.0,0.0,0.0,0.0,0.0,0.0,0.017857142857142856,0.017857142857142856,0.015151515151515152,0.01020408163265306,0.008264462809917356,0.006896551724137931,0.005076142131979695,0.0353356890459364,0.028985507246376812,0.036036036036036036,0.03231017770597738,0.03254067584480601,0.03385178408051235,0.033478893740902474,0.03368034292712799,0.029585798816568046,0.03190184049079755,0.030574198359433258,0.03373015873015873,0.030413625304136254,0.03246205733558179,0.03216911764705882,0.03305369127516779,0.03247568245999372,0.032536027336205614,0.03865501720942547,0.03768020969855832,0.03596628773030184,0.03748277446026642,0.0354251012145749,0.03515210831090449,0.0351394422310757,0.03237647749798106,0.03580738098504596,0.03796296296296296,0.03809464816650149,0.03877098880597015,0.03828213879408419,0.03771409749670619,0.040138335778662756,0.04145051368121249,0.04108720050749036,0.04088094240350142,0.040655946216044334,0.03997163874855978,0.03994743758212878,0.04187860291624279,0.042490812239336005,0.04329831263928685,0.043550634871477235,0.04320089535534415,0.042168892749846164,0.041929246634202236,0.042946708463949844,0.04394437594190985,0.0436943054957432,0.04371033360455655,0.04435638501853509,0.04367910002199667,0.042623553187580376,0.043405073944932065,0.04397268408551069,0.04401465201465202,0.0443519241333449,0.04487270861248111,0.04481031995247391,0.044837874352623285,0.04527182501178232,0.04544216204435242,0.04515922034170209,0.04626771983051734,0.046205889136618744,0.04594157485090468,0.0451662454784203,0.0448199674654624,0.04477964819368262,0.04336809059311582,0.043411023969954714,0.0435711793440335,0.04314512647845981,0.04331018075999915,0.04339201069139051,0.04349712774310865,0.04341882434555508,0.04307119851161302,0.04262236935445732,0.04234267572989502,0.04194200944032367,0.042993841781146375,0.04277103923330339,0.04336739407601767,0.043319794008848916,0.043210647446075896,0.04294069091483869,0.04242203868197323,0.04276523490161948,1.0
HI,,,,,,,,,,,,,,,,,,,,,,,,,,,,,,,,,,,,,,,,,,,,,,0.0,0.0,0.0,0.0,0.0,0.0,0.0,0.0,0.0,0.0,0.0,0.0,0.0,0.0,0.0,0.0,0.0,0.0,0.0,0.0,0.0,0.0,0.0,0.0,0.004464285714285714,0.007751937984496124,0.007017543859649123,0.009404388714733543,0.008547008547008548,0.01078167115902965,0.012919896640826873,0.014634146341463415,0.013793103448275862,0.013574660633484163,0.017204301075268817,0.01646090534979424,0.018072289156626505,0.017892644135188866,0.01744186046511628,0.017013232514177693,0.016666666666666666,0.016304347826086956,0.015706806282722512,0.015544041450777202,0.015437392795883362,0.015384615384615385,0.015228426395939087,0.015126050420168067,0.015025041736227046,0.014925373134328358,0.01487603305785124,0.01485148514851485,0.01485148514851485,0.026143790849673203,0.02593192868719611,0.025889967637540454,0.025889967637540454,0.027463651050080775,0.027463651050080775,0.027243589743589744,0.0272,0.02711323763955343,0.02711323763955343,0.026984126984126985,0.02694136291600634,0.026856240126382307,0.026813880126182965,0.026687598116169546,0.026729559748427674,0.026687598116169546,0.026687598116169546,0.02664576802507837,0.02664576802507837,0.026604068857589983,0.0265625,0.0264797507788162,0.0264797507788162,0.026438569206842923,0.026438569206842923,0.026438569206842923,0.026438569206842923,0.026438569206842923,0.02631578947368421,0.026234567901234566,0.026113671274961597,0.026113671274961597,0.026113671274961597,0.02607361963190184,0.026033690658499236,0.025954198473282442,0.025602409638554216,0.02526002971768202,0.025185185185185185,0.02514792899408284,0.024926686217008796,0.024817518248175182,0.024566473988439308,0.024079320113314446,0.02351313969571231,0.023351648351648352,0.02309782608695652,1.0
IA,,,,,,,,,,,,,,,,,,,,,,,,,,,,,,,,,,,,,,,,,,,,,,,,0.0,0.0,0.0,0.0,0.0,0.0,0.0,0.0,0.0,0.0,0.0,0.0,0.0,0.0,0.0,0.00819672131147541,0.006896551724137931,0.00558659217877095,0.01276595744680851,0.010067114093959731,0.011904761904761904,0.014150943396226415,0.014112903225806451,0.016423357664233577,0.017915309446254073,0.015736766809728183,0.014012738853503185,0.019585253456221197,0.026455026455026454,0.02480916030534351,0.023580786026200874,0.02125984251968504,0.0223342939481268,0.022516556291390728,0.0258349086326402,0.023976608187134502,0.022655426765015807,0.02657973921765296,0.02802428771602055,0.0274442538593482,0.029505582137161084,0.02586206896551724,0.025055502695845226,0.02283984589983489,0.02403846153846154,0.02448355011476664,0.02408824853669518,0.02201690583841164,0.02161172161172161,0.021687158469945355,0.021333333333333333,0.02163426399649174,0.022682721926631195,0.02158182049003428,0.02027105293640681,0.019960732984293194,0.019276363261519432,0.02019211919231523,0.020959523122776658,0.020810712993123415,0.02114091028217,0.02151551517229556,0.02207727044656297,0.021839359378791556,0.022325581395348838,0.023043903908426838,0.023283057548689413,0.023935033480552786,0.02416032399972069,0.023970497848801474,0.023748996521273748,0.023935648420639593,0.024541062801932367,0.025079942316132673,0.02548003657421518,0.02644116245831348,0.02609251510925151,0.025991792065663474,0.026229322456378882,0.026570974634306688,0.027029949183695536,0.027672822095684103,0.027541154951659264,0.027308659719726913,0.027283812620668632,0.02802426430039605,0.028235882058970516,0.0279240543021402,0.02788580100540643,0.027908713305642412,0.027870370370370372,0.02770803852649838,0.02805593143888137,0.02795307083814772,0.02801194239550404,0.027717813660305672,0.027554876236572837,0.027196652719665274,0.027156283789403643,1.0
ID,,,,,,,,,,,,,,,,,,,,,,,,,,,,,,,,,,,,,,,,,,,,,,,,,,,,,0.0,0.0,0.0,0.0,0.0,0.0,0.0,0.0,0.0,0.0,0.0,0.0,0.015873015873015872,0.017094017094017096,0.018867924528301886,0.01910828025477707,0.016867469879518072,0.017142857142857144,0.01347305389221557,0.010123734533183352,0.009891196834817012,0.00929368029739777,0.00909090909090909,0.010265183917878529,0.011570247933884297,0.013798701298701298,0.016999260901699925,0.01790830945558739,0.019189765458422176,0.018947368421052633,0.022711631108052306,0.02663934426229508,0.0258349086326402,0.0254816656308266,0.025981873111782478,0.026378896882494004,0.026913875598086126,0.027649769585253458,0.028878822197055492,0.03,0.02949208083014746,0.028969957081545063,0.029708222811671087,0.029582673005810883,0.03025560772039645,0.02972834443874936,0.030272452068617558,0.030799801291604572,0.03048180924287119,0.03056768558951965,0.03056768558951965,0.029914529914529916,0.0305594734367654,0.030583873957367932,0.03076216712580349,0.030385487528344673,0.030044843049327353,0.030044843049327353,0.030530973451327433,0.03009158307893589,0.029690189328743545,0.030625265844321566,0.030569514237855946,0.030202730657840297,0.030202730657840297,0.030167142274765593,0.030694668820678513,0.03033932135728543,0.030003947887879984,0.03005780346820809,0.0297029702970297,0.0297029702970297,0.0297029702970297,0.030022238695329873,0.030036630036630037,0.02963498373689917,0.02963498373689917,0.028893587033121917,0.028883409651285663,0.02857142857142857,0.028308321964529332,0.02776848444295751,0.02718637405830331,0.026679524268723883,0.026449968132568516,0.026449968132568516,0.026035131744040152,0.026397515527950312,0.026081620128873887,0.02605271129960618,0.025962399283795883,0.025603296056503827,0.025603296056503827,0.025707683419988445,1.0
IL,,,0.0,0.0,0.0,0.0,0.0,0.0,0.0,0.0,0.0,0.0,0.0,0.0,0.0,0.0,0.0,0.0,0.0,0.0,0.0,0.0,0.0,0.0,0.0,0.0,0.0,0.0,0.0,0.0,0.0,0.0,0.0,0.0,0.0,0.0,0.0,0.0,0.0,0.0,0.0,0.0,0.0,0.0,0.0,0.0,0.0,0.0,0.0,0.0,0.0,0.0,0.0,0.0,0.0,0.006289308176100629,0.003484320557491289,0.009501187648456057,0.008561643835616438,0.007978723404255319,0.0076263107721639654,0.008560311284046693,0.010416666666666666,0.009656652360515022,0.010236220472440945,0.00958044268252395,0.013463191062732742,0.014142732811140122,0.014237690330235317,0.016519272484565327,0.019936890418818128,0.02044803334201615,0.023559914327584263,0.023558945640629526,0.02434689888039808,0.02504282567909291,0.02803807275142035,0.03064066852367688,0.03215199123127512,0.03332587787966898,0.03529902497523333,0.0345307179511774,0.032694578149123604,0.03733975737761335,0.0385506892765646,0.04166504722297796,0.04105465491604105,0.04321263085635833,0.04250972121531668,0.042821318604577344,0.04441351768372009,0.04457800438658957,0.045705621141557455,0.04527112232030265,0.044885452325664904,0.0440359030435575,0.043222389328450926,0.04418154978480986,0.04397306798546148,0.04449232630226053,0.04381880140591268,0.04365811965811966,0.04254696267382289,0.04167319442268526,0.043027381060674975,0.0435897811716769,0.04388440480894056,0.0439150713162319,0.043992586848227544,0.04380378989618309,0.04377104377104377,0.04337718030259227,0.04476378278170719,0.04466103333371243,0.044898681924324085,0.0446417947580776,0.04433968274192521,0.043877561597545425,0.04465506335571018,0.045055273379145507,0.044867112708290725,0.04471695071177246,0.04443743506011578,0.04401831452015051,0.04360402828369402,0.043495162786588326,0.04445999737544289,0.04476310518682229,0.044861261291943025,0.044822685492755206,0.04482030301518402,0.04464167876468259,0.044976473844450596,0.04539581011451923,0.045979591345961156,0.046026766212620626,0.04620719549198093,0.046216711286459065,0.04613419724627749,0.04657678435985945,0.04694564472275497,0.0473583460949464,0.04771559674985137,0.04769126936581001,0.04759461580249894,0.047558188488602875,1.0
IN,,,,,,,,,,,,,,,,,,,,,,,,,,,,,,,,,,,,,,,,,,,,,0.0,0.0,0.0,0.0,0.0,0.0,0.0,0.0,0.0,0.0,0.06666666666666667,0.06666666666666667,0.11428571428571428,0.09090909090909091,0.04032258064516129,0.07258064516129033,0.07,0.07364341085271318,0.06666666666666667,0.06079664570230608,0.036382536382536385,0.04573804573804574,0.03814935064935065,0.037648612945838836,0.04206393718452047,0.041685965724872626,0.043291731669266774,0.04377880184331797,0.044819557625145515,0.04685916919959473,0.04762984803810388,0.04937272359368677,0.04884692209914654,0.05115261652364126,0.052275232246890256,0.05314989138305576,0.05275198492800431,0.05202020202020202,0.053521469407614645,0.05555555555555555,0.05759982104909965,0.057940589902382704,0.05734555128584097,0.057900178588213176,0.057201499196858824,0.05763466643829751,0.058560794044665014,0.06030878095850756,0.06344483756834995,0.059980911827325456,0.058905736845782965,0.05855315747402078,0.05701754385964912,0.056879184510525364,0.05590386624869383,0.056515882815130765,0.05700789092275484,0.0577929819105375,0.05679879578524837,0.05614086430592137,0.05768499143998478,0.057809284244225934,0.057558113693941954,0.05737988247493951,0.057395701643489255,0.0571677307022635,0.05731112916328188,0.05749094238961659,0.05814683941892423,0.057818558759166125,0.058161350844277676,0.05851726919410428,0.05787862416711687,0.057390688617454416,0.05835830255731308,0.058628583142574055,0.058937520882058135,0.058906722799631626,0.05865406402744958,0.058146577831617204,0.05771778212325743,0.05762933857236411,0.05764248704663212,0.05759748313519073,0.05791183571279544,0.05791183571279544,0.056871763718938935,0.05672027570361861,0.057330987114718734,0.056828366569572034,0.05680401230291779,0.05681787110710087,0.0570393598615917,0.05672943190328448,0.05676530802158943,0.05675362928676625,0.05666284044662423,0.05670701804196887,0.056557502682266385,0.05641959385984877,0.056127690495878124,0.05567647786297304,1.0
KS,,,,,,,,,,,,,,,,,,,,,,,,,,,,,,,,,,,,,,,,,,,,,,,0.0,0.0,0.0,0.0,0.2,0.16666666666666666,0.16666666666666666,0.125,0.07692307692307693,0.0625,0.047619047619047616,0.029411764705882353,0.022727272727272728,0.037037037037037035,0.031746031746031744,0.02531645569620253,0.021739130434782608,0.024,0.01764705882352941,0.01951219512195122,0.019011406844106463,0.015625,0.024390243902439025,0.02336448598130841,0.02074688796680498,0.023636363636363636,0.025806451612903226,0.03008595988538682,0.029451137884872823,0.029585798816568046,0.03333333333333333,0.03639846743295019,0.03800904977375565,0.0412725709372313,0.043547110055423596,0.041979010494752625,0.04509090909090909,0.04842105263157895,0.05157401205626256,0.05103969754253308,0.049911920140927775,0.048630519843487985,0.05089334055224689,0.05141129032258065,0.05039525691699605,0.05067873303167421,0.045949214026602174,0.04111071042192571,0.03927986906710311,0.03844941695556256,0.03787195671776375,0.03667621776504298,0.035886448848419926,0.031877213695395513,0.03171390013495277,0.02992623814541623,0.02883276993438059,0.029748283752860413,0.029508797653958946,0.0286013254272759,0.026692708333333332,0.02585410895660203,0.025637225844694723,0.024788651669293595,0.02516519049627443,0.02519857573267598,0.024693005872931127,0.02453908075824461,0.024282281522701402,0.02428035043804756,0.024126352443725903,0.023230879199428164,0.023413358687901117,0.023320570831883047,0.02339248674809864,0.022468179302711676,0.022546419098143235,0.022536456031816175,0.022804891483970476,0.02252155172413793,0.022345179825494787,0.022575516693163752,0.021817064426917956,0.021817064426917956,0.021817064426917956,0.021289295662554716,0.021844901201469567,0.02190923317683881,0.02190923317683881,0.02224139583932509,0.02224139583932509,0.022169135212613475,0.022097378277153558,0.022097378277153558,0.022127973446431866,0.022127973446431866,0.02192744991878722,0.02192744991878722,0.02192744991878722,0.021486592715521006,1.0
KY,,,,,,,,,,,,,,,,,,,,,,,,,,,,,,,,,,,,,,,,,,,,,,,,0.0,0.0,0.0,0.0,0.0,0.0,0.047619047619047616,0.045454545454545456,0.038461538461538464,0.029411764705882353,0.0425531914893617,0.037037037037037035,0.05660377358490566,0.045454545454545456,0.03305785123966942,0.026143790849673203,0.026041666666666668,0.02066115702479339,0.030405405405405407,0.028011204481792718,0.02570694087403599,0.02558139534883721,0.034026465028355386,0.03210272873194221,0.04341736694677871,0.04774193548387097,0.045924225028702644,0.04639175257731959,0.0545790934320074,0.054385964912280704,0.04932735426008968,0.052352551358515576,0.05319148936170213,0.051059206952743075,0.04920553562275756,0.05157170923379175,0.05243958048335613,0.05311676909569798,0.05363825363825364,0.054538216560509556,0.05375139977603583,0.05030591434398368,0.05087545424512719,0.053824362606232294,0.0551744706233224,0.05509085664839919,0.05329070077271516,0.05280783101494075,0.051307350764676865,0.051536414226953785,0.051605504587155966,0.05195666592969268,0.051118210862619806,0.05098684210526316,0.05098684210526316,0.049491392801251956,0.04984721161191749,0.04734848484848485,0.04774759574827062,0.04803921568627451,0.04741447891805887,0.04723430702299565,0.04723430702299565,0.046612709832134294,0.04686815593517302,0.046142958244869074,0.04547975596228508,0.0446656800753397,0.04353493222106361,0.04353493222106361,0.04371446620341125,0.04548278861687585,0.046067140406763046,0.04659584741670691,0.04643154019712623,0.045640247461188284,0.045640247461188284,0.045640247461188284,0.04403218596334377,0.04408199250606128,0.04455823074408977,0.04420006344506715,0.04446049102537652,0.04446049102537652,0.04375996810207337,0.043461160275319564,0.04324428214491639,0.04270229863576901,0.0423728813559322,0.041585387480049654,0.041585387480049654,0.04108155255124291,0.040769230769230766,0.04067368421052631,0.04130015916897043,0.04085491163173038,0.0400964242667738,0.0400964242667738,0.03993041828101526,1.0
LA,,,,,,,,,,,,,,,,,,,,,,,,,,,,,,,,,,,,,,,,,,,,,,,,0.0,0.0,0.0,0.0,0.0,0.011764705882352941,0.019417475728155338,0.022058823529411766,0.02040816326530612,0.025,0.02557544757033248,0.026168224299065422,0.026246719160104987,0.023894862604540025,0.02905982905982906,0.03251445086705202,0.036211699164345405,0.03603994789405124,0.04336734693877551,0.041352248717174765,0.043256997455470736,0.04598558289833458,0.045463228271251196,0.041718555417185554,0.03397844732790851,0.036385091946110726,0.03265828864163932,0.03658724058416603,0.03444100632315351,0.0356177843281749,0.03816793893129771,0.038293216630196934,0.03911891526832563,0.0401779021538154,0.040646853146853144,0.03983438035408338,0.04699265594496607,0.05017774131802023,0.051352672027009015,0.05248128758707221,0.05373425505746639,0.05416475111798387,0.05415986949429037,0.0565369602832884,0.058290104146042056,0.059840683893530214,0.061251817277526974,0.06197427482931613,0.06230157247973705,0.06262006797694694,0.06428204940262405,0.06500596550851441,0.06636188299164227,0.0669593088071349,0.06675132129864782,0.06694389528938578,0.0669003403997169,0.06784464077346225,0.0686251932756522,0.06942903752039152,0.06955563478429974,0.0696045341654461,0.06973725862614752,0.07017764502436724,0.07085999687841424,0.07090741876149602,0.07022740873728306,0.0705711491152672,0.07066858164551397,0.07037058550185873,0.07024114782909333,0.07012386551743821,0.07036470721486011,0.06864894491641546,0.06881656161703978,0.06922848102977365,0.06924363400949504,0.06854945637761867,0.06823677846703817,0.06794678584420309,0.06792987883475123,0.06768779698716004,0.06768779698716004,0.06724479310258402,0.06666501326852013,0.06681071525032534,0.06709156368590055,0.06671963786959453,0.06668413155826526,0.06621160409556313,0.06595665171898356,0.06573751451800232,0.06518848023479776,0.06484362579209157,0.06460244648318043,0.06407378597621959,0.0624635395285526,0.06222784701516549,0.061604341558551684,1.0
MA,,,,,,,,,,,0.0,0.0,0.0,0.0,0.0,0.0,0.0,0.0,0.0,0.0,0.0,0.0,0.0,0.0,0.0,0.0,0.0,0.0,0.0,0.0,0.0,0.0,0.0,0.0,0.0,0.0,0.0,0.0,0.0,0.0,0.0,0.0,0.0,0.0,0.0,0.0,0.0,0.0,0.0,0.0,0.0,0.0,0.0,0.0,0.0,0.0,0.0,0.0,0.002403846153846154,0.003816793893129771,0.007751937984496124,0.011597938144329897,0.00950734658599827,0.008174386920980926,0.010356255178127589,0.010802469135802469,0.0103359173126615,0.009894867037724181,0.009735744089012517,0.013444108761329305,0.015766347893512535,0.017175998215480704,0.018457988848298405,0.018404907975460124,0.01848,0.018790200187902003,0.023421052631578947,0.02578916021441334,0.026556148038646324,0.028560530205502314,0.030010061682488296,0.029677318049776243,0.031415171592347205,0.033980754891169265,0.037034561133765624,0.0386874242565489,0.040811580722051044,0.04289013526888816,0.0447776873178034,0.045632267991827055,0.0475982426757931,0.05081035767511177,0.05127870847185103,0.05014812925503737,0.05117342730749044,0.05287926600149572,0.053186213736672455,0.054063325443381015,0.05651264688309102,0.05728806471846503,0.05778171696910327,0.05804144092479966,0.05880711442713,0.05920071793535687,0.059939377552617724,0.061368432744640676,0.06174631380475034,0.06241620538143974,0.0630676413483966,0.0640031879475017,0.06510157783385588,0.06480361014470831,0.06602730536541734,0.06670560463361806,0.06703348077822131,0.06717059329118247,0.06739913963492618,0.06733906171024215,0.06753483082172305,0.06818028548949084,0.0682474135251543,0.06852314361473885,0.06877441033361699,0.06875640679794982,0.06878879823310569,0.06908733843510187,0.0694863086393547,0.06997207439801886,0.070326241728788,0.07027964403277225,0.07057368176898098,0.06972429735011955,0.06997568641404257,0.07039924403496338,0.07057682321010396,0.07054682319903273,0.07067641469185122,0.07072972659422251,0.07097079319730518,0.07130962121576744,0.07156572833058106,0.07156983576485425,0.07175015943422268,0.0718826498662163,0.07220175579820633,0.07235310814646607,1.0
MD,,,,,,,,,,,,,,,,,,,,,,,,,,,,,,,,,,,,,,,,,,,,,0.0,0.0,0.0,0.0,0.0,0.0,0.0,0.0,0.0,0.0,0.0,0.0,0.011764705882352941,0.009345794392523364,0.010526315789473684,0.015789473684210527,0.012295081967213115,0.010416666666666666,0.011461318051575931,0.009456264775413711,0.006896551724137931,0.00646830530401035,0.010050251256281407,0.012077294685990338,0.010623229461756374,0.010240963855421687,0.015113350125944584,0.015015015015015015,0.014865844815083394,0.01696,0.01856469936270435,0.02249690976514215,0.023564401738732556,0.022427202025682765,0.02231204527081649,0.024540757749712972,0.02677410969586691,0.02857142857142857,0.02630106323447118,0.030827702702702704,0.032997707107965304,0.03635014836795252,0.029986173522295195,0.030145445681319574,0.03281627562553589,0.032607106302090946,0.03445360388924117,0.03681895093062606,0.03762313314267556,0.03562831006259028,0.039119666779241245,0.038103438996824716,0.04105300969877354,0.042219901536625394,0.04432505036937542,0.045304019869377245,0.0429575964202003,0.04462060229640829,0.044615505459115544,0.04403349880632081,0.045102522495943355,0.0453431807690942,0.04517754400299595,0.04520831281394662,0.045316166677237264,0.04501795194402676,0.04461690588200042,0.04574146384427938,0.046679305986441454,0.04662563017018077,0.046587713605883624,0.04668440603841189,0.04677352850221626,0.04627533826266284,0.04568540137200626,0.04605714015643831,0.045922352400643233,0.04601116513596254,0.045873172876140234,0.045556733828207845,0.04844392248972402,0.0485278080697928,0.0482208867686843,0.047517502212923474,0.04632553395963677,0.04627511294818802,0.046153846153846156,0.046037580167273,0.04814384080042827,0.04827122096724323,0.04824734147302087,0.04804439746300211,0.04815504253579444,0.04806017009091066,0.04789629604260493,0.04818172557807884,0.048214856297193215,0.04805887336578235,0.0482734726873773,0.04819729390066755,0.04820019124487448,0.04813644570544235,1.0
ME,,,,,,,,,,,,,,,,,,,,,,,,,,,,,,,,,,,,,,,,,,,,,,,,,,,0.0,0.0,0.0,0.0,0.0,0.0,0.0,0.0,0.0,0.0,0.0,0.0,0.0,0.0,0.0,0.005952380952380952,0.004739336492890996,0.011857707509881422,0.01090909090909091,0.01818181818181818,0.020348837209302327,0.018617021276595744,0.020833333333333332,0.021929824561403508,0.02127659574468085,0.02004008016032064,0.023121387283236993,0.0260707635009311,0.02857142857142857,0.02905982905982906,0.030894308943089432,0.030063291139240507,0.027298850574712645,0.027285129604365622,0.02990897269180754,0.03278688524590164,0.035108958837772396,0.037825059101654845,0.03926096997690531,0.04004576659038902,0.040586245772266064,0.04304635761589404,0.04700854700854701,0.0487551867219917,0.05055611729019211,0.04930966469428008,0.049902152641878667,0.049132947976878616,0.04933586337760911,0.048446069469835464,0.04906333630686887,0.04865334491746308,0.04814189189189189,0.0473421926910299,0.04979591836734694,0.04948124501197127,0.046651617757712566,0.045884923525127456,0.04548685145700071,0.0445993031358885,0.044490075290896644,0.04403794037940379,0.043593130779392336,0.04411764705882353,0.043098063710181135,0.0425273390036452,0.041617122473246136,0.04149620105201637,0.04195402298850575,0.040154015401540157,0.03891257995735608,0.03852080123266564,0.03906646372399797,0.039235412474849095,0.039,0.03749406739439962,0.03793911007025761,0.038408779149519894,0.038236617183985605,0.03906935908691835,0.03836206896551724,0.03795309168443497,0.039595619208087615,0.039337474120082816,0.03885480572597137,0.039500201531640466,0.03884264764169639,0.03852140077821012,0.038253477588871716,0.03837298541826554,0.03793626707132018,0.03749531308586427,0.036751194413818446,0.03627130939426913,0.03580379520229144,0.03594306049822064,1.0
MI,,,,,,,,,,,,,,,,,,,,,,,,,,,,,,,,,,,,,,,,,,,,,,,,,0.0,0.0,0.0,0.0,0.0,0.0,0.0,0.0,0.0125,0.0029940119760479044,0.00546448087431694,0.0063532401524777635,0.005797101449275362,0.010542168674698794,0.012849162011173185,0.017872711421098517,0.019964973730297722,0.023522975929978117,0.022365591397849462,0.0232387923147301,0.028329484218629714,0.03402075397346644,0.036116171900117885,0.038650477338029475,0.03760106758772274,0.03796934327098861,0.03920320753516197,0.042223254733418515,0.04454636512204122,0.047136888670434994,0.05003952936799516,0.056187173521794476,0.05797524277914392,0.060353924831561004,0.05801115749229509,0.065479056331247,0.06846776205581495,0.0715311004784689,0.07418387741505662,0.07496183701971483,0.07607104207778981,0.07711061794767606,0.0819682077417789,0.08288919643120049,0.08441963273634097,0.08426598242070207,0.08804000107529772,0.08784427966101695,0.08919131117508505,0.09090677534386143,0.09091134163551286,0.09161892329634733,0.09134717596201544,0.09308356681408757,0.09264810196096378,0.09406785446105537,0.09410757725921254,0.09431323803604723,0.09513376131110186,0.09483614697120159,0.09678316293793045,0.09653124005516071,0.09639491839138482,0.0972988733157007,0.09735482537714404,0.09651263639847515,0.09631360332294912,0.09662342806218438,0.0956236067112519,0.09466931242414318,0.09582394070225041,0.09546003471960147,0.09584252439525928,0.09565685237750692,0.09600632806607678,0.09558124222693687,0.09546630708116186,0.09560118366828241,0.09608560157080323,0.09588845446592756,0.0955740632680848,0.09603923843679131,0.09567702252966492,0.09584897788902795,0.09615784368070954,0.09601627277585285,0.09606634501468038,0.09214109203091307,0.09207297056478717,0.09152884540725212,0.0913968519033924,0.09145609553414792,0.09133169683952133,0.09146089748490177,0.09120258272800645,0.0913219813771209,0.09107013081395349,0.09106453809487781,1.0
MN,,,,,,,,,,,,,,,,,,,,,,,,,,,,,,,,,,,,,,,,,,,,,0.0,0.0,0.0,0.0,0.0,0.0,0.0,0.0,0.0,0.0,0.0,0.0,0.0,0.0,0.008695652173913044,0.0072992700729927005,0.005917159763313609,0.00425531914893617,0.0038314176245210726,0.0034965034965034965,0.005813953488372093,0.007575757575757576,0.011337868480725623,0.017892644135188866,0.017361111111111112,0.01589825119236884,0.024745269286754003,0.02425876010781671,0.027918781725888325,0.027809965237543453,0.03125,0.030612244897959183,0.031805425631431246,0.033766233766233764,0.040160642570281124,0.04578313253012048,0.04484933426769446,0.04326328800988875,0.042501517911353974,0.04607206142941524,0.04764542936288089,0.04924044002095338,0.05367504835589942,0.054825555052106935,0.057094162760971456,0.05805927730410069,0.06341656757827982,0.06837280366692132,0.0719165767709457,0.07483914663054521,0.0780300607611129,0.08402842137781896,0.08489165924606708,0.08303448275862069,0.06880931837791199,0.06691377292235662,0.06478725267028541,0.06346649484536082,0.06295180722891566,0.05920687742651137,0.057954400713284934,0.05654657805759589,0.05425611449321799,0.05294992563212692,0.051738525730180805,0.05130936529072348,0.05011022553840936,0.049167200512491994,0.049403747870528106,0.049359737939249554,0.047976959820174206,0.04676643506146446,0.04602323503127793,0.04459376908979841,0.043874074944202986,0.04392618589380731,0.04439804384856311,0.04420122079562198,0.0428362646777201,0.042142614105866914,0.04129129129129129,0.040894394098091896,0.04144962379235119,0.04210067552843757,0.042290037402244136,0.04242474363215349,0.04185615969734777,0.0416584011108907,0.042037567154229245,0.04198237204267821,0.04243900582346896,0.042550037064492216,0.042509090909090906,0.042497489599770476,0.04237828644320034,0.04267180925666199,0.0428185408438994,0.04260908129498857,0.04276028730616903,0.042531326659152685,0.04260067609701664,0.04248525722477438,1.0
MO,,,,,,,,,,,,,,,,,,,,,,,,,,,,,,,,,,,,,,,,,,,,,,,0.0,0.0,0.0,0.0,0.0,0.0,0.0,0.0,0.0,0.0,0.045454545454545456,0.038461538461538464,0.041666666666666664,0.03333333333333333,0.02830188679245283,0.01639344262295082,0.0196078431372549,0.022727272727272728,0.01593625498007968,0.013574660633484163,0.012062726176115802,0.013513513513513514,0.012596899224806201,0.010479041916167664,0.011313639220615965,0.010365521003818877,0.009000473709142587,0.010065645514223195,0.013929928239763613,0.01395519647447668,0.017451432334540665,0.01743312293357379,0.022322690025430914,0.025864344154130376,0.027335984095427434,0.026689107958643904,0.02531356898517674,0.028827674567584883,0.030451665644798693,0.030148786217697728,0.031664770572620404,0.032129243056816116,0.031487705643021405,0.0308673909294706,0.03217113020043793,0.03408905561898548,0.03485424588086185,0.03991533111581494,0.04047689137474242,0.03964947565005028,0.040633319321843914,0.04343642611683849,0.04325493376588267,0.0439633417452517,0.04348383786557209,0.04354261749105711,0.04244095432202374,0.041346043413345586,0.04258195336262251,0.04394876325088339,0.04510711594358919,0.04782101579896087,0.04930822844065328,0.04944325263050363,0.04957923552671601,0.05265273311897106,0.05372720063441713,0.054791849468655555,0.055475435054321696,0.05555555555555555,0.05550381821568262,0.055749448934606906,0.05609003448901797,0.056144728633811605,0.058294382220654375,0.05807009952401558,0.05754660764450498,0.056849486601552715,0.05634613802747388,0.0558586434329452,0.05565788419956755,0.05573097568676982,0.05755845780871197,0.05943192343315838,0.05869366626065774,0.057971014492753624,0.05763986142846613,0.05711379160005813,0.05609738734249306,0.05601572371191914,0.05590965775252875,0.05549061404111944,0.05563858695652174,0.05630872483221477,0.05585193966936706,0.05588770470496491,0.05589783083044539,0.0555414979757085,0.05494024153682498,0.054357897337698434,1.0
MS,,,,,,,,,,,,,,,,,,,,,,,,,,,,,,,,,,,,,,,,,,,,,,,,,,,0.0,0.0,0.0,0.0,0.0,0.0,0.0,0.02,0.0125,0.007142857142857143,0.009615384615384616,0.008032128514056224,0.0031847133757961785,0.013297872340425532,0.012396694214876033,0.012396694214876033,0.012396694214876033,0.018518518518518517,0.01775147928994083,0.019251336898395723,0.019736842105263157,0.021222410865874362,0.01986301369863014,0.02234993614303959,0.02459954233409611,0.027597402597402596,0.03080939947780679,0.032950574138791815,0.033215234720992026,0.03286004056795132,0.0348221044663134,0.03416037396619921,0.03231292517006803,0.035633300939423386,0.03601190476190476,0.03535911602209945,0.03668514119820533,0.038016112789526685,0.036976363210858884,0.03748890860692103,0.03884525578433454,0.039444103821786224,0.03902912621359223,0.0384969607662553,0.03852889667250438,0.038266169996613614,0.03760262725779967,0.037697160883280754,0.037951531778692274,0.038156736131493986,0.03884033846580663,0.039123420274267275,0.04013245033112583,0.0393600812595226,0.041778646469582216,0.04443916349809886,0.04561686441654187,0.0447794036747717,0.04473628016228913,0.04516740366392925,0.04486715600124057,0.04603270745003028,0.04599068292199425,0.045754131244626996,0.04555977405315307,0.04589219832628453,0.04616338826865143,0.0462265802836631,0.04734638065122639,0.047654878354652624,0.04746317512274959,0.047245342845818473,0.04739555281988151,0.04717337157521322,0.047201367724671074,0.047521865889212825,0.04772759652372133,0.04823889739663093,0.048018395779791695,0.04755953164057361,0.047403771635236375,0.046986266531027464,0.047895591357562134,0.04794898522288307,0.04796423825057388,0.047900262467191604,0.04761345623202019,0.04731294880704193,0.04714430550861778,0.046777489368752416,0.04696969696969697,0.04696969696969697,0.04614739929809858,0.0459479015918958,0.04565718677940046,0.04520430324763877,1.0
MT,,,,,,,,,,,,,,,,,,,,,,,,,,,,,,,,,,,,,,,,,,,,,,,,,,,,0.0,0.0,0.0,0.0,0.0,0.0,0.0,0.0,0.0,0.0,0.0,0.0,0.0,0.0,0.008333333333333333,0.013605442176870748,0.012422360248447204,0.022598870056497175,0.020202020202020204,0.018433179723502304,0.02074688796680498,0.019083969465648856,0.017793594306049824,0.016891891891891893,0.015723270440251572,0.018867924528301886,0.01812688821752266,0.01812688821752266,0.01812688821752266,0.01812688821752266,0.01812688821752266,0.01812688821752266,0.01812688821752266,0.01812688821752266,0.021791767554479417,0.023696682464454975,0.028169014084507043,0.02771362586605081,0.02771362586605081,0.032036613272311214,0.03644646924829157,0.03619909502262444,0.036036036036036036,0.035955056179775284,0.03571428571428571,0.035634743875278395,0.037694013303769404,0.03991130820399113,0.03982300884955752,0.03982300884955752,0.039647577092511016,0.039647577092511016,0.039473684210526314,0.039473684210526314,0.039473684210526314,0.039473684210526314,0.039301310043668124,0.0392156862745098,0.0392156862745098,0.0391304347826087,0.03896103896103896,0.038876889848812095,0.038876889848812095,0.03854389721627409,0.03837953091684435,0.03837953091684435,0.03821656050955414,0.038135593220338986,0.037578288100208766,0.037578288100208766,0.037578288100208766,0.0371900826446281,0.0371900826446281,0.0371900826446281,0.03925619834710744,0.03909465020576132,0.03877551020408163,0.03815261044176707,0.03725490196078431,0.03653846153846154,0.03625954198473282,0.03598484848484849,0.035849056603773584,0.034926470588235295,0.03663003663003663,0.03656307129798903,0.036231884057971016,0.036036036036036036,0.035650623885918005,0.0351493848857645,0.03496503496503497,0.03436426116838488,0.03350083752093802,0.03436988543371522,0.033925686591276254,1.0
NC,,,,,,,,,,,,,,,,,,,,,,,,,,,,,,,,,,,,,,,,,,0.0,0.0,0.0,0.0,0.0,0.0,0.0,0.0,0.0,0.0,0.0,0.0,0.0,0.0,0.0,0.0,0.0,0.0,0.0,0.0,0.0,0.0,0.00202020202020202,0.001607717041800643,0.003931847968545216,0.004305705059203444,0.0034393809114359416,0.004608294930875576,0.0053655264922870555,0.006329113924050633,0.00862533692722372,0.009077878643096034,0.009991673605328892,0.011992263056092843,0.011498257839721254,0.013970816516609749,0.015178050204319907,0.01751505199781062,0.018674852903555896,0.018325214567385756,0.01768346595932803,0.016638935108153077,0.02130201075054748,0.0225534418513434,0.024190547078526237,0.02579873569109858,0.026638339597973525,0.026385224274406333,0.026646706586826347,0.030834429343855035,0.03393185352749894,0.03415096896598455,0.034438447699820095,0.03498542274052478,0.03514150943396226,0.035146347084581704,0.037049144600632015,0.03709931686810299,0.03764353469795307,0.03644688644688645,0.0364221140472879,0.036093964334705075,0.036139491682850626,0.0367256998286134,0.03724321781401913,0.037714712471994025,0.037862397230636086,0.03774899011004318,0.03693162566917395,0.03644586326150572,0.037403883748208,0.037576832900323175,0.03695849742502272,0.03712784588441331,0.03599043221894643,0.035328435609334484,0.03449182396550818,0.034824102746332304,0.034635261379447425,0.03409254375449532,0.03340582057095267,0.03218137794408981,0.031795269484296236,0.031257835353113245,0.03151957531519575,0.03204321163140154,0.031051989452556182,0.03224223203835844,0.03162383895334128,0.03162383895334128,0.03063143140405456,0.030761506276150628,0.030451738706532335,0.030013813889237725,0.02896501940024664,0.028602796717901308,0.02797635800731776,0.027642544764419505,0.027743327042329468,0.027405156151750158,0.026929800116535355,0.026451691114074433,0.025783548974730255,0.025138841663833164,0.02478825772693007,1.0
ND,,,,,,,,,,,,,,,,,,,,,,,,,,,,,,,,,,,,,,,,,,,,,,,,,,,0.0,0.0,0.0,0.0,0.0,0.0,0.0,0.0,0.0,0.0,0.0,0.0,0.0,0.0,0.0,0.014705882352941176,0.010752688172043012,0.010309278350515464,0.027522935779816515,0.023809523809523808,0.02040816326530612,0.018867924528301886,0.017341040462427744,0.016129032258064516,0.014492753623188406,0.013333333333333334,0.016877637130801686,0.01593625498007968,0.01858736059479554,0.025179856115107913,0.023890784982935155,0.025974025974025976,0.027190332326283987,0.026392961876832845,0.024657534246575342,0.022900763358778626,0.022900763358778626,0.022900763358778626,0.02544529262086514,0.02073365231259968,0.02021772939346812,0.020618556701030927,0.021156558533145273,0.020053475935828877,0.019925280199252802,0.0196078431372549,0.020191285866099893,0.01919191919191919,0.018393030009680542,0.01780693533270853,0.02077687443541102,0.020815264527320035,0.020990764063811923,0.02040816326530612,0.019747235387045814,0.023449319213313162,0.022627737226277374,0.023174157303370788,0.02323991797676008,0.02350570852921424,0.023762376237623763,0.024203821656050957,0.0243161094224924,0.02336448598130841,0.02385008517887564,0.02273957769355712,0.022667369530838165,0.022833419823559936,0.022590361445783132,0.02358036573628489,0.02330895795246801,0.02293780326422585,0.0224622030237581,0.02241962774957699,0.022481265611990008,0.02231404958677686,0.022979072630283134,0.022993142396127472,0.023431294678316124,0.02311912225705329,0.0229126213592233,0.023246951219512195,0.02456538170823885,0.02463605823068309,0.024390243902439025,0.025865209471766848,0.02556818181818182,0.02516602586508214,0.025008683570684264,0.02481902792140641,0.024821489289357363,0.024832214765100672,0.02453580901856764,0.02419882275997384,0.024025974025974027,0.023863269912931313,1.0
NE,,,,,,,,,,,,,,,,,,,,,,,,,,,,,,,,,,,,,,,,,,,,,0.0,0.0,0.0,0.0,0.0,0.0,0.0,0.0,0.0,0.0,0.0,0.0,0.0,0.0,0.0,0.0,0.0,0.0,0.0,0.0,0.0,0.024096385542168676,0.018518518518518517,0.015503875968992248,0.0196078431372549,0.022598870056497175,0.02336448598130841,0.023622047244094488,0.02112676056338028,0.018867924528301886,0.01694915254237288,0.014962593516209476,0.012578616352201259,0.02681992337164751,0.024305555555555556,0.021671826625386997,0.01991465149359886,0.018494055482166448,0.016826923076923076,0.016018306636155607,0.015283842794759825,0.014583333333333334,0.013958125623130608,0.012037833190025795,0.011666666666666667,0.01082753286929621,0.009749303621169917,0.008353221957040573,0.007387862796833773,0.006635071090047393,0.005847953216374269,0.0055621771950735005,0.004861111111111111,0.00426829268292683,0.018617021276595744,0.017013232514177693,0.01568709475005229,0.014828897338403042,0.01411470430587815,0.013193052772211089,0.012943962115232834,0.012899355032248387,0.012876751096646384,0.011955815464587394,0.011865035224323322,0.012116020070982744,0.01203814064362336,0.012073613878794983,0.01201167489896722,0.012228113840493453,0.01228271052357656,0.012139303482587065,0.011994887425031953,0.011858085492971215,0.011979410388394946,0.012332145793368046,0.012534447506445017,0.012617473024712843,0.012297515053854634,0.012393233964160108,0.012163050624589087,0.012154874023987764,0.012513686844986703,0.012335274287465522,0.012353028724512577,0.012127410870835768,0.012031700288184437,0.012454886419927818,0.012428829329259825,0.012541749028696068,0.012396971118407827,0.012248123271434215,0.012181616832779624,0.012109046169785663,0.012078380982974623,0.012167155051598929,0.012311383294399899,0.013143211407315562,0.013223140495867768,0.013125911521633447,0.0130537257508914,0.01319182107093602,1.0
NH,,,,,,,,,,,,,,,,,,,,,,,,,,,,,,,,,,,,,,,,,0.0,0.0,0.0,0.0,0.0,0.0,0.0,0.0,0.0,0.0,0.0,0.0,0.0,0.0,0.0,0.0,0.0,0.0,0.0,0.0,0.0,0.00980392156862745,0.009259259259259259,0.0072992700729927005,0.006369426751592357,0.016042780748663103,0.014018691588785047,0.011194029850746268,0.009584664536741214,0.008174386920980926,0.010899182561307902,0.010438413361169102,0.012962962962962963,0.014516129032258065,0.013452914798206279,0.012587412587412588,0.01740294511378849,0.02284263959390863,0.02564102564102564,0.024858757062146894,0.02478448275862069,0.023350253807106598,0.022571148184494603,0.02474793767186068,0.028094820017559263,0.028075970272502065,0.028793774319066146,0.028315946348733235,0.029454022988505746,0.02902557014512785,0.028169014084507043,0.030226700251889168,0.03053892215568862,0.030831878999418267,0.0335195530726257,0.032188841201716736,0.030991735537190084,0.029865604778496764,0.03213242453748783,0.033550792171481825,0.03506493506493506,0.0345821325648415,0.03415409054805401,0.03323029366306028,0.03490136570561457,0.0404961692812842,0.04009848751319029,0.04107264086897488,0.04350714048488874,0.043308368609573426,0.04210193099081988,0.043840691571472676,0.04546832373446499,0.0446481371969249,0.04590069284064665,0.048087739032620924,0.047830923248053395,0.047097480832420595,0.04891158290782048,0.05106154259607632,0.050571791613723,0.05082212257100149,0.05086818292981169,0.050373583996143646,0.05003573981415296,0.05057905932403687,0.052029864675688285,0.05285942128047391,0.053998632946001365,0.053175126345858054,0.052676843689529136,0.052294557097118465,0.05390608549168246,0.05526590198123045,0.056,0.0561389337641357,0.056396970904742924,0.05671227443981757,0.05631029730261863,0.057287607170693686,0.05813055233680958,0.059128431560760225,0.059988573605027615,0.06001132289111153,0.06017299736743136,0.05986903648269411,1.0
NJ,,,,,,,,,,,,,,,,,,,,,,,,,,,,,,,,,,,,,,,,,,,,0.0,0.0,0.0,0.0,0.06666666666666667,0.043478260869565216,0.043478260869565216,0.034482758620689655,0.017857142857142856,0.013888888888888888,0.02040816326530612,0.017045454545454544,0.011235955056179775,0.011990407673860911,0.012129380053908356,0.012359550561797753,0.012057272042200452,0.012539184952978056,0.009470361276745002,0.01197278911564626,0.014084507042253521,0.01263623440214816,0.012237960339943343,0.012919896640826873,0.012027491408934709,0.011901899495070931,0.014174154899443731,0.015951471579420354,0.020984759671746775,0.021608964709817696,0.023916335685915936,0.024450073323556858,0.024384901803314596,0.027737752161383286,0.03170520901406076,0.03292277158367871,0.03539239393273247,0.037540197073137174,0.03799514955537591,0.036346763591369576,0.041011170243873914,0.044431930170350555,0.04670924226934158,0.04873343824559622,0.04981644640234949,0.04929602232095755,0.04935641667230225,0.05148690634709276,0.04984750186037249,0.04756523217553931,0.05468415521737438,0.055301016271659405,0.05427305531448408,0.05424388668616229,0.05640460059870805,0.05801036358185945,0.06062104927818112,0.0621998514728938,0.06257830370927196,0.062093669128321656,0.061667277362418046,0.0631274264317383,0.06484079911411798,0.06585849515471247,0.06608885673365128,0.06649159280738227,0.066807668986227,0.06652613526742648,0.06755575765757445,0.06857021697646477,0.0696967148783496,0.07044925471665335,0.0706394006437428,0.07076960925007175,0.07048818216821243,0.0710426886966559,0.07145659213159662,0.07158844074130316,0.07198558322411533,0.07237714502211161,0.07220052674598129,0.07184767750754391,0.07183802902793024,0.07239446331434993,0.07224281595539081,0.07259872066082401,0.07288573111286543,0.07325612712092648,0.07319266387326011,0.0728589557089356,0.07330256435570255,0.07364839505565161,0.07376928728875827,0.07387539134733334,0.07415055492611138,0.07427181514138036,0.0746545792146797,0.07487734199652746,0.07506847992663296,0.07518466567536165,0.07556310632984344,0.07565306501585095,0.07585740531289085,1.0
NM,,,,,,,,,,,,,,,,,,,,,,,,,,,,,,,,,,,,,,,,,,,,,,,,,,0.0,0.0,0.0,0.0,0.0,0.0,0.0,0.0,0.0,0.0,0.0,0.0,0.0,0.0,0.0,0.007352941176470588,0.005154639175257732,0.009615384615384616,0.008547008547008548,0.0071174377224199285,0.015873015873015872,0.016574585635359115,0.017369727047146403,0.020242914979757085,0.02018348623853211,0.019169329073482427,0.01744186046511628,0.016331658291457288,0.018497109826589597,0.017189079878665317,0.01743119266055046,0.017035775127768313,0.020883534136546186,0.019330855018587362,0.023048327137546468,0.023048327137546468,0.027551659361302442,0.029807130333138514,0.029477196885428252,0.02981029810298103,0.029426686960933535,0.029426686960933535,0.03212669683257918,0.03282828282828283,0.03332011106703689,0.03496240601503759,0.03634361233480176,0.03506907545164718,0.03530598520511096,0.034858387799564274,0.03605980650835532,0.03729006547110732,0.03697749196141479,0.03897116134060795,0.03723008190618019,0.03916827852998066,0.039421506881268956,0.03830734966592428,0.038841201716738195,0.04013448203404076,0.04128819157720892,0.04131903059197457,0.04244186046511628,0.04358490566037736,0.044534412955465584,0.0453080229226361,0.0453080229226361,0.044993775564645205,0.04433497536945813,0.04460966542750929,0.044828132425154446,0.045454545454545456,0.04561244524996224,0.0453541451921661,0.04568381611183168,0.04557106237539162,0.04559483726150393,0.04537931034482759,0.04551630434782609,0.045940170940170943,0.046050905274206244,0.04630593132154006,0.04644002565747274,0.045760598503740646,0.04609144542772861,0.04587375733620793,0.04464182720036913,0.044560645674661815,0.044310171198388724,0.0441549839938183,0.04437609841827768,0.044333910034602075,0.044847837693539776,0.04473380237320172,0.04480715251065599,0.04474848266639234,0.0446927374301676,1.0
NV,,,,,,,,,,,,,,,,,,,,,,,,,,,,,,,,,,,,,,,,,,,,0.0,0.0,0.0,0.0,0.0,0.0,0.0,0.0,0.0,0.0,0.0,0.022222222222222223,0.01818181818181818,0.01818181818181818,0.01098901098901099,0.013071895424836602,0.012658227848101266,0.010309278350515464,0.01606425702811245,0.021352313167259787,0.024509803921568627,0.018656716417910446,0.019230769230769232,0.02197802197802198,0.016198704103671708,0.017839444995044598,0.02336028751123091,0.02501954652071931,0.02606310013717421,0.027724049000644745,0.026255707762557076,0.02505446623093682,0.029697900665642603,0.028122020972354625,0.03451251078515962,0.03460912052117264,0.038871951219512195,0.038871951219512195,0.038871951219512195,0.038871951219512195,0.038871951219512195,0.038871951219512195,0.04632972322503008,0.045651545796012716,0.04629374483328741,0.04668634290313926,0.045871559633027525,0.04537389100126743,0.04643206256109482,0.04875739644970414,0.0489366567573748,0.04750384869144491,0.04782421370099095,0.047185780787135,0.048937942523948355,0.049888911331044235,0.0501984126984127,0.049852216748768476,0.049750323654521915,0.04972677595628415,0.04972677595628415,0.04929078014184397,0.0516162669447341,0.053340328786288915,0.05471071490998077,0.05239742956005932,0.05248573757131214,0.05228970444949659,0.05238095238095238,0.052510009239297814,0.052783254967389656,0.053270198283515834,0.05296269202633504,0.05287556135013762,0.05287556135013762,0.05270515867468195,0.05270515867468195,0.050313626050980914,0.05279296093854153,0.052171678231817016,0.05165210786175465,0.05141710559317783,0.050767706785537395,0.050755806808406044,0.05114188532555879,0.05065710872162485,0.05026423957721668,0.04981421272642824,0.0496152520960147,0.049661658447069615,0.04913783387805703,0.04874575528535437,0.04828106476991055,0.04765411319166842,0.04540271587021872,0.04517579721995094,0.044327124215559316,0.04401772525849335,0.04387306442362837,0.043172878816257726,0.04204969509420224,0.041361443630516345,0.041227059136448266,1.0
NY,,,,,,,,,,,,,,,,,,,,,,,,,,,,,,,,,,,,,,,,,0.0,0.0,0.0,0.0,0.0,0.0,0.0,0.0,0.0,0.0,0.0,0.0,0.0056925996204933585,0.009602194787379973,0.014736842105263158,0.014248704663212436,0.009829619921363041,0.008869966294128083,0.0061162079510703364,0.006307339449541285,0.008779686710459828,0.009181770360097556,0.011103291891469231,0.012375636981315215,0.014008620689655173,0.01548657755562002,0.01859182409995685,0.020847400405131666,0.023350299133851237,0.02674385804666407,0.030316681480038476,0.034218386989711254,0.03696021302049164,0.039721841744810873,0.044451537920083814,0.0478330658105939,0.05229228422597634,0.054824854826192836,0.05719752152410011,0.06095758656282256,0.061551073764907246,0.06386000614751926,0.06618435018022775,0.06903287703750594,0.06887954382797187,0.06944269493080923,0.06966060215465812,0.06855431458357975,0.07285840204954157,0.07394792979734316,0.07596870919474993,0.07698160376076738,0.07734253156199128,0.07685002153435005,0.07608110215015662,0.07591092414808027,0.07613716124835225,0.0768527144914034,0.07696156925540433,0.0768917458555188,0.07702110687035278,0.07661493837966306,0.07750470797891837,0.07768429763464589,0.07803935118174941,0.0800778899357192,0.08015863808168823,0.0800633026301456,0.08019724422328334,0.08015763241361219,0.0802879652590738,0.08071385953200967,0.08068852170340152,0.080607367684775,0.08037134051497331,0.08029549154323416,0.08035923355892516,0.0804774641475074,0.0805437018650436,0.08048775670848862,0.0804651541117503,0.08036893220144993,0.0802427811497382,0.08029392893490862,0.0802710889031593,0.08031766532474134,0.08033772196562512,0.08022039138281689,0.08014866174566244,0.07995856424570429,0.07992686853324489,0.080028511485287,0.07996322790391011,0.07992698193791861,0.07995159940512044,0.07986935156812668,0.07982034262093088,0.07977977925038211,0.07977976498411056,0.07982063016564309,0.07985534880662766,0.07984281855623017,0.07988307494047665,0.0798538799422,0.07982148865524409,0.07976813284966915,1.0
OH,,,,,,,,,,,,,,,,,,,,,,,,,,,,,,,,,,,,,,,,,,,,,,,,0.0,0.0,0.0,0.0,0.0,0.0,0.0,0.0,0.0,0.0,0.0,0.005917159763313609,0.012145748987854251,0.008547008547008548,0.013921113689095127,0.014209591474245116,0.01422475106685633,0.01845444059976932,0.016710642040457344,0.017793594306049824,0.01756511205330103,0.02017589239524056,0.025034137460172964,0.025530243519245877,0.027911784975878703,0.02717391304347826,0.027287319422150885,0.029448156396931453,0.031967582170193604,0.03492262651610205,0.03749028749028749,0.03864296081277213,0.03929908132017693,0.03952,0.038310115081768625,0.03629842180774749,0.04450549450549451,0.046341463414634146,0.04625445897740785,0.04589875919622269,0.04415508126101429,0.040708729472774416,0.03941764113683884,0.04059175047369188,0.04314864673373955,0.044662309368191724,0.045532532664643,0.045556769260425366,0.045537226368939344,0.04612839990198481,0.04765597041631874,0.053991560205792245,0.05411255411255411,0.053479931682322804,0.05281125536647183,0.05212936922458819,0.05158012992722122,0.0539870278519649,0.056734958746639474,0.05743594378417461,0.056658700847273515,0.05618167236503314,0.05569168154823705,0.05478180129990715,0.05687128712871287,0.05762276915898752,0.05820527414152912,0.05862491187711031,0.05860725856357613,0.05819992120626052,0.0582507206637137,0.05941893805921166,0.06048250084947333,0.060796923688921305,0.06075858933558485,0.06211990957429872,0.06161271114732521,0.06109691128014042,0.06057208654020969,0.06101208278502213,0.061805207442573645,0.0615976622399676,0.06126352450826458,0.060577897938492734,0.06123186391683807,0.06207010400044021,0.06243374738387106,0.06266262507041498,0.06234770632482255,0.06219166579195969,0.06178037686809617,0.06187876602976773,0.06182644670310026,0.06208935611038108,0.062262452490498096,0.06204542081044975,0.06252295037822224,0.06214153786332264,0.061885176900690286,1.0
OK,,,,,,,,,,,,,,,,,,,,,,,,,,,,,,,,,,,,,,,,,,,,,,0.0,0.0,0.0,0.0,0.0,0.0,0.0,0.0,0.0,0.0,0.0,0.034482758620689655,0.023255813953488372,0.02040816326530612,0.018867924528301886,0.029850746268656716,0.024691358024691357,0.02830188679245283,0.03048780487804878,0.02880658436213992,0.02880658436213992,0.03978779840848806,0.037296037296037296,0.035416666666666666,0.04063604240282685,0.04027777777777778,0.03876852907639681,0.03850050658561297,0.036300777873811585,0.03677058353317346,0.038490566037735846,0.045609257998638526,0.0519053876478318,0.04759071980963712,0.049162011173184354,0.05032119914346895,0.048730964467005075,0.0465341735336888,0.04949587534372136,0.054400707651481646,0.05562632696390658,0.05562632696390658,0.05562632696390658,0.05562632696390658,0.05562632696390658,0.05846702317290552,0.058762530245419976,0.059369817578772806,0.059369817578772806,0.06077694235588972,0.059981544140264534,0.06007929246721561,0.06073943661971831,0.06161819752375468,0.06137683162842134,0.06136606189967983,0.06180212931706051,0.05993452530848653,0.05886717783823893,0.05992236778262979,0.06028115320467,0.06011560693641618,0.06023550724637681,0.06028131279303416,0.05920908892287525,0.059309146208994135,0.05883597883597884,0.05730777159348588,0.05726961080863077,0.05608028335301062,0.05499331678441856,0.05425772418990203,0.05338276181649675,0.05358119190814653,0.054049168474331166,0.05353997886579782,0.05248760471875534,0.052225020990764065,0.0515498093817338,0.051412614980289095,0.05184219106618846,0.05173521850899743,0.05185067007019783,0.05176767676767677,0.0518853225303833,0.0518853225303833,0.05347839411584431,0.053072208102855435,0.05246913580246913,0.05214368482039398,0.05154933599885763,0.05141643059490085,0.05090909090909091,0.05052748473070516,0.0501290585518272,0.0496055622409413,0.04891161814843955,0.04780114722753346,0.046445380232846174,0.045553935860058306,0.044547398431931576,1.0
OR,,,,,,,,,,,,,,,,,,,,,,,,,,,,,,,,,,,,,,,0.0,0.0,0.0,0.0,0.0,0.0,0.0,0.0,0.0,0.0,0.0,0.0,0.0,0.0,0.027777777777777776,0.02564102564102564,0.02127659574468085,0.015384615384615385,0.04054054054054054,0.03409090909090909,0.02631578947368421,0.029197080291970802,0.024844720496894408,0.02631578947368421,0.023923444976076555,0.03773584905660377,0.03492063492063492,0.028985507246376812,0.027139874739039668,0.023722627737226276,0.026446280991735537,0.026124818577648767,0.02585034013605442,0.025454545454545455,0.024498886414253896,0.026026026026026026,0.02530459231490159,0.02561837455830389,0.0279424216765453,0.03066989507667474,0.033308099924299776,0.0350109409190372,0.035245335176226675,0.034053700065487885,0.032849020846494,0.03368034292712799,0.03487672880336741,0.03686635944700461,0.03923766816143498,0.03908794788273615,0.03876375065479309,0.0383828045035824,0.03896103896103896,0.03788246721709568,0.039040451552210725,0.03950390445567294,0.03861517976031957,0.039376893119861534,0.03909902252443689,0.04150943396226415,0.04129190515126738,0.041035856573705176,0.04034134988363072,0.041366223908918406,0.04067164179104477,0.0395070677781805,0.03981677237491191,0.03945111492281304,0.04050887177770338,0.04044357469015003,0.04022806461830852,0.03939205955334987,0.039609993906154786,0.03880597014925373,0.03933078955092457,0.03943580886586068,0.038788221970554926,0.037992235163616196,0.037866224433388614,0.0375,0.03762429454447729,0.037954665260938325,0.038037775445960126,0.03808290155440414,0.0378475798146241,0.03773584905660377,0.03751584283903676,0.03733602421796166,0.03668815071888944,0.036991670749632534,0.03656174334140436,0.03655913978494624,0.03605939193966533,0.03580562659846547,0.03622519612367328,0.03615279672578445,0.035546613011401745,0.035237469905887504,0.0345419437888865,0.03413821815154038,0.03334688897925986,0.033881315156375304,0.03340581142518284,0.032664756446991405,0.03217407476287893,0.03143631436314363,0.031227821149751596,0.030927835051546393,1.0
PA,,,,,,,,,,,,,,,,,,,,,,,,,,,,,,,,,,,,,,,,,,,,,0.0,0.0,0.0,0.0,0.0,0.0,0.0,0.0,0.0,0.0,0.0,0.0,0.007575757575757576,0.005434782608695652,0.0037313432835820895,0.005390835579514825,0.0041841004184100415,0.009316770186335404,0.008225616921269096,0.009205020920502092,0.00948429164196799,0.009918845807033363,0.012363636363636363,0.011199528440907752,0.011758941695247428,0.013019218846869188,0.012747631352282515,0.01282782212086659,0.012114014251781473,0.013578274760383386,0.013048016701461378,0.012487473984429199,0.016484648670925202,0.019028265287271383,0.018542901031380295,0.020822905195715287,0.02281228353728931,0.02220470371830246,0.020953876673830384,0.023042020122312094,0.02442431106077765,0.023328766135429436,0.025680220116172426,0.02691044872207558,0.034445373726109715,0.03623122987571845,0.0402641793638839,0.03960312789035567,0.038350470947021834,0.03860084859774397,0.03835589072566548,0.037629967933145464,0.03795662100456621,0.039642180204336366,0.04940720371455619,0.050044799930068405,0.050076647930505876,0.05004140786749482,0.04955339017458384,0.048997683891063015,0.05890203929419616,0.059690550603850756,0.06417405440145171,0.06613063843912514,0.06634239837986403,0.06514479566054737,0.06492711013107925,0.06528563543535255,0.06673481557202487,0.06908926265658276,0.0688034047045627,0.06823567602661905,0.06760079057734643,0.0712609040444092,0.07261332579398737,0.07398149298223823,0.07445474289559818,0.07523132424640372,0.07608354857492647,0.07567902875625858,0.0753729044748537,0.07506593038334329,0.07584597432905485,0.0767111161874304,0.07724715129923375,0.0775187285584261,0.07721932568647898,0.07659103486441617,0.07773357113458636,0.07821099667593047,0.0786636910800027,0.07911541305370706,0.07897610739685161,0.0786093214621175,0.07837560243343604,0.07866814940799371,0.07887510898845698,0.07905629139072848,0.07898920485140645,0.07914760199334701,0.07885986953983604,0.07890446278484853,1.0
RI,,,,,,,,,,,,,,,,,,,,,,,,,,,,,,,,,,,,,,,,0.0,0.0,0.0,0.0,0.0,0.0,0.0,0.0,0.0,0.0,0.0,0.0,0.0,0.0,0.0,0.0,0.0,0.0,0.0,0.0,0.0,0.0,0.0,0.0,0.0,0.0,0.0,0.008368200836820083,0.011235955056179775,0.009852216748768473,0.016494845360824743,0.017761989342806393,0.018433179723502304,0.019858156028368795,0.018610421836228287,0.027114967462039046,0.024953789279112754,0.024410089503661515,0.024322446143154968,0.02511682242990654,0.024317617866004962,0.02385008517887564,0.023639774859287054,0.024529569892473117,0.024607812980621348,0.02465287616888637,0.027357998957790515,0.02824994014843189,0.030505455355154754,0.03186743148502231,0.030451866404715127,0.0318970341354225,0.03098784454716658,0.030513400064578623,0.03102442021194901,0.03127272727272727,0.031069562826505363,0.031103991456414366,0.031434959884256215,0.030899913824941522,0.03137902559867878,0.03186750428326671,0.03272888102609465,0.034453057708871665,0.036214953271028034,0.03447940947940948,0.035936285936285936,0.03684710351377018,0.03701642081825773,0.03803803803803804,0.037431257761220506,0.037584127261603005,0.038229722748407094,0.03903675538656527,0.03894806924101198,0.039201243964317865,0.039327649991957536,0.03937194255957077,0.039546697928878466,0.04107790904177284,0.04028152141359689,0.040969714833099996,0.04215200931857892,0.042789564220183485,0.043227870600782085,0.04415215072875933,0.0446164672765658,0.045638238573021184,0.04670898302745964,0.04885548343013324,0.04845131250421756,0.04823151125401929,0.048028817290374226,0.04843832715722605,0.04875484591628885,0.04933115823817292,0.04999676186775468,0.04999676186775468,0.04999676186775468,0.05108042449814602,0.05149448728570518,0.051535922823051535,0.05188500819568781,0.05223553019376685,0.05223553019376685,0.05361510001881232,0.052880134219847136,1.0
SC,,,,,,,,,,,,,,,,,,,,,,,,,,,,,,,,,,,,,,,,,,,,,0.0,0.0,0.0,0.0,0.0,0.0,0.0,0.0,0.0,0.0,0.030303030303030304,0.02127659574468085,0.016666666666666666,0.0125,0.008064516129032258,0.017543859649122806,0.015544041450777202,0.016835016835016835,0.020588235294117647,0.01650943396226415,0.02207505518763797,0.016697588126159554,0.022727272727272728,0.020671834625323,0.01945945945945946,0.020313942751615882,0.020108275328692964,0.0206052801030264,0.020600353148911125,0.021432305279665446,0.02197265625,0.02197309417040359,0.021928009929664875,0.02468652037617555,0.023997134670487107,0.02349869451697128,0.02349869451697128,0.02471368294153104,0.02385107620709715,0.026737967914438502,0.028446389496717725,0.027827418943068675,0.028431372549019607,0.028066037735849057,0.02746623941405356,0.02796571944068561,0.029315960912052116,0.029424127784783524,0.030512611879576892,0.030978689818468824,0.03166126263589548,0.03166126263589548,0.031545179112457675,0.03348447854900593,0.03944907328685598,0.04003281378178835,0.04093380236648545,0.04117193523515806,0.04155961916276258,0.041790160047421455,0.04315389116442364,0.043835616438356165,0.04412382686650791,0.0433188484519283,0.04370350690754517,0.04314289449601255,0.044087403598971724,0.04454568463680081,0.044978818838773985,0.04518256197337892,0.04511367694322105,0.04389004389004389,0.04369538077403246,0.04376539064248937,0.04408839779005525,0.04437418229393807,0.04435913840904244,0.04348277293482773,0.04295098534613441,0.04310344827586207,0.043234745013265206,0.042822851656265,0.04387121069478441,0.0435669262143122,0.04339232773335729,0.04083185391833629,0.041656126148916436,0.04117598616486865,0.040364163712536254,0.04095833003874436,0.04039704524469068,0.0400267837214493,0.039169182118729336,0.03822458695043405,0.03764530954311976,0.03731931668856767,0.036489402208402084,0.03577295126847965,0.03453698311007571,0.03336118072960178,0.03192338387869114,0.031066157498193827,1.0
SD,,,,,,,,,,,,,,,,,,,,,,,,,,,,,,,,,,,,,,,,,,,,,,,,0.0,0.2,0.14285714285714285,0.125,0.1111111111111111,0.1111111111111111,0.1111111111111111,0.1,0.09090909090909091,0.09090909090909091,0.07142857142857142,0.07142857142857142,0.07142857142857142,0.047619047619047616,0.037037037037037035,0.03333333333333333,0.024390243902439025,0.021739130434782608,0.017241379310344827,0.014705882352941176,0.011111111111111112,0.01,0.01,0.015503875968992248,0.012121212121212121,0.0106951871657754,0.009433962264150943,0.008333333333333333,0.010526315789473684,0.015625,0.01272264631043257,0.011185682326621925,0.009363295880149813,0.007987220447284345,0.006858710562414266,0.0057670126874279125,0.005065856129685917,0.004284490145672665,0.004580152671755725,0.00425531914893617,0.004545454545454545,0.004283965728274173,0.004283965728274173,0.004561003420752566,0.004846526655896607,0.004603580562659846,0.004416094210009814,0.004659832246039142,0.004975124378109453,0.00490414623272403,0.004759844223279966,0.0054806070826306915,0.006944444444444444,0.008323424494649227,0.008120649651972157,0.00798782807151008,0.007876969242310577,0.008826774549466716,0.010442924018725243,0.010674931129476584,0.009863188036907413,0.010026540843409024,0.009672830725462305,0.009413067552602437,0.010652827096421742,0.010458567980691875,0.011345646437994723,0.011325611325611325,0.011122345803842264,0.011041405269761606,0.010934393638170975,0.010779029887310143,0.011020603737422138,0.011304757418747056,0.011488970588235295,0.011200716845878136,0.010967317394165387,0.010912265386294195,0.010755001075500108,0.011484474691620587,0.011289985364833787,0.012134923899629783,0.012108980827447022,0.012026458208057728,0.012326043737574552,0.012248123271434215,0.012024825446082235,0.012209080503624571,0.01232928679817906,0.012111049003167505,0.011952923869069512,0.011880826174373972,0.012312149194278471,0.012314831340353383,0.012886142983230361,0.012887495646116336,0.012857877593005315,0.01271617497456765,0.012651821862348178,1.0
TN,,,,,,,,,,,,,,,,,,,,,,,,,,,,,,,,,,,,,,,,,,,,0.0,0.0,0.0,0.0,0.0,0.0,0.0,0.0,0.0,0.0,0.0,0.0,0.0,0.0,0.0,0.004405286343612335,0.002717391304347826,0.004008016032064128,0.0032520325203252032,0.0029985007496251873,0.005128205128205128,0.0041841004184100415,0.004995836802664446,0.004379562043795621,0.0037998733375554147,0.0070921985815602835,0.009830205540661306,0.008951883625512868,0.01090014064697609,0.012067840834964122,0.012955709551069599,0.012393280088129992,0.017105263157894738,0.017408123791102514,0.018115111213024535,0.020293609671848015,0.019962955340605062,0.019761299158677362,0.01904941531497548,0.019450392576730906,0.021320495185694635,0.0220648773258686,0.022364217252396165,0.021577267892417564,0.02147193839774915,0.020951302378255945,0.02101769911504425,0.021247800784950602,0.021186981493299298,0.0205761316872428,0.019490942444393488,0.019377313302852167,0.01873318153591389,0.018559612668952997,0.01831027962981391,0.01872044774679147,0.01854440406299506,0.017158718142821095,0.016509992890433683,0.015938069216757743,0.016188645771732704,0.016570129774910184,0.017086653743987365,0.016819246327443048,0.016694375173178167,0.016392332181805865,0.016218380831609158,0.01615082684511936,0.016390389271745204,0.016617790811339198,0.017189746046957353,0.01709099481376709,0.017066820943014174,0.017143185871253522,0.016719435649613954,0.01659683299776895,0.01667566109012412,0.016509309562740652,0.015868011769651115,0.01672068734887071,0.016807573533134206,0.016534653465346535,0.01644368766723425,0.016633209062231143,0.01648738785288177,0.01625905797101449,0.016133321514050173,0.016129746975672443,0.015708845421499047,0.01572458906407246,0.015747382306867837,0.01604777768749492,0.016109095258981618,0.01612777257107154,0.01598764240200811,0.015773347959299466,0.01584663120567376,0.015719600262601212,0.015628360455946663,0.016087381351200445,0.015989821532959664,0.015598904402431692,0.015513750081651316,1.0
TX,,,,,,,,,,,,,,,,,,,,,,,,,,,,,,,,,,,,,,,,,,,,0.0,0.0,0.0,0.0,0.0,0.0,0.0,0.0,0.0,0.0,0.0,0.016666666666666666,0.013157894736842105,0.018691588785046728,0.017391304347826087,0.01644736842105263,0.014792899408284023,0.0136986301369863,0.01282051282051282,0.012304250559284116,0.012386457473162676,0.0133248730964467,0.012010443864229765,0.01348314606741573,0.013143071723619977,0.012641815235008104,0.013873473917869035,0.01499531396438613,0.015542995559144126,0.015778401122019635,0.016815967311016818,0.018124732410446695,0.018594223921930636,0.0179128625910089,0.018318411032211587,0.01883934488308246,0.01878168370314967,0.019601790399753048,0.01973061521659993,0.019068392907402195,0.02174507658643326,0.022870067856245287,0.023342836778332144,0.024101813267259825,0.02481240072301035,0.024975129587936542,0.025443330763299923,0.02560419968304279,0.025782251555006883,0.025521830279828638,0.02596263485659153,0.026169639851901717,0.026242027866921234,0.02619085298306694,0.026387346329133317,0.027101175249323397,0.027901825586795756,0.027995328386919482,0.027834441008093704,0.027584888832260943,0.02744025606762174,0.027277654001324744,0.027623664077556502,0.027470042957268823,0.027399131313683177,0.02768385460693153,0.027985170691519488,0.027558857487073943,0.02757527733755943,0.02731866263694749,0.027754300203303106,0.028173697160463723,0.02779731832619215,0.02797408098643236,0.027667414620087694,0.027445701312009,0.02772607034388165,0.027592165898617512,0.027674274907783625,0.027595197003635295,0.027411130799551587,0.027248833342273238,0.027086758959670432,0.02688283435201492,0.02671908984440355,0.026615720165958773,0.026392209084053972,0.025964934115340937,0.025820474480122087,0.025467275677624857,0.025360779430078383,0.02523677358436579,0.024932953402614817,0.024670538155013667,0.024361283436728703,0.02423024018622368,0.02389302937308198,0.023561616439383523,0.0234667188149307,0.023107265858686974,0.02268906588756333,0.022409726002540376,0.022168809390721075,1.0
UT,,,,,,,,,,,,,,,,,,,,,,,,,,,,,,,,,,,,,,,,,,,,,,0.0,0.0,0.0,0.0,0.0,0.0,0.0,0.0,0.0,0.03333333333333333,0.0,0.0,0.0,0.0,0.0,0.005555555555555556,0.0038910505836575876,0.003355704697986577,0.002898550724637681,0.004878048780487805,0.004149377593360996,0.004975124378109453,0.004213483146067416,0.004975124378109453,0.004509582863585118,0.006910167818361303,0.006505576208178439,0.005627009646302251,0.005625879043600563,0.004984423676012461,0.007761194029850746,0.007475560667050029,0.007034632034632035,0.006568974229408792,0.008083689966714217,0.008159564823209429,0.0078125,0.007620660457239628,0.007864238410596027,0.00784313725490196,0.007806691449814126,0.008179231863442389,0.00850918992511913,0.009126466753585397,0.008698353525939733,0.009691096305269533,0.009843659525188187,0.009668508287292817,0.009266613714588298,0.010374493927125507,0.009946627850557981,0.009672092474640246,0.01036150126640571,0.01,0.009837467921300257,0.009519867549668874,0.009827517047733655,0.009659969088098918,0.009391435011269721,0.010269576379974325,0.010358992677263796,0.010651300855596298,0.010290148448043185,0.011134763386278041,0.010554933631856708,0.010676715339927775,0.011331884507916796,0.011325883418906675,0.01110453064850459,0.010847555684119178,0.011027852396437155,0.011051250172675784,0.010834236186348862,0.010758400850046488,0.011661052086032651,0.011684023368046735,0.011538461538461539,0.011743341404358353,0.011553120533587423,0.011496949788831534,0.011722376973073352,0.012048192771084338,0.01184225226231706,0.011635423400129283,0.011635423400129283,0.011568123393316195,0.011280822601577319,0.01104270497410339,0.011099516174935964,0.01077943615257048,0.010679611650485437,0.01020322118222447,0.010150155188323127,0.010012919896640826,0.010055423594615994,0.009927867835259443,0.0098943107713065,0.010188374990837792,0.009900990099009901,0.009658814536863318,0.009866832263851514,1.0
VA,,,,,,,,,,,,,,,,,,,,,,,,,,,,,,,,,,,,,,,,,,,,,,,0.0,0.0,0.0,0.0,0.0,0.0,0.02702702702702703,0.025,0.044444444444444446,0.029850746268656716,0.025974025974025976,0.02127659574468085,0.017543859649122806,0.013157894736842105,0.0136986301369863,0.023622047244094488,0.020689655172413793,0.023017902813299233,0.02826086956521739,0.023178807947019868,0.023004059539918808,0.024719101123595506,0.024509803921568627,0.0216,0.022911051212938006,0.02403282532239156,0.02286282306163022,0.02160365600332364,0.019340159271899887,0.018763029881862403,0.018901890189018902,0.0205761316872428,0.026966848095002473,0.02683521845198492,0.0256107171000788,0.026739996207092737,0.025931082492168463,0.024959481361426256,0.030004616094783814,0.030197444831591175,0.0308411214953271,0.03191753601589667,0.03233364573570759,0.03315162976971855,0.033440648042372,0.03390160740379932,0.03382433169667212,0.03531598513011153,0.03369313801079414,0.03361603700848111,0.03388704318936877,0.034295273943956504,0.034812241079780835,0.0348221044663134,0.03436853002070393,0.03478015783540023,0.0353968083967013,0.03513901713347697,0.03523489932885906,0.03523489932885906,0.03568780126065999,0.03633759957039291,0.03569580962234868,0.03488372093023256,0.03391047634245592,0.03449879835646174,0.03466327637138691,0.0343042071197411,0.03407505580357143,0.03376010781671159,0.03320826750921538,0.03256575778013296,0.032393577296489916,0.03264437689969605,0.0321701678825701,0.032420522505508344,0.03239342061094327,0.0322820958529923,0.03191602163079207,0.03127224651683108,0.031705801962976767,0.03217469020990845,0.0318363508111921,0.031324527609612914,0.030737153618509552,0.030531996915959907,0.030329251936139834,0.030341798332587048,0.030073145245559037,0.029860281086427895,0.0294826364280652,0.0291025234089827,0.028752122738185865,0.02880562966399876,0.02892633273908793,0.028854190411062988,0.02881253993910461,0.028606965174129355,0.02836437024126227,0.028276791895929746,1.0
VT,,,,,,,,,,,,,,,,,,,,,,,,,,,,,,,,,,,,,,,,,,,,,,,0.0,0.0,0.0,0.0,0.0,0.0,0.0,0.0,0.0,0.0,0.0,0.09523809523809523,0.06060606060606061,0.04081632653061224,0.03773584905660377,0.05263157894736842,0.06315789473684211,0.056910569105691054,0.05063291139240506,0.04891304347826087,0.05687203791469194,0.05128205128205128,0.046875,0.03424657534246575,0.040625,0.04142011834319527,0.03598971722365039,0.03470715835140998,0.03515625,0.034990791896869246,0.04,0.03801652892561983,0.03662420382165605,0.033873343151693665,0.03375527426160337,0.03576341127922971,0.03609625668449198,0.03723404255319149,0.03820816864295125,0.044270833333333336,0.043645699614890884,0.04488778054862843,0.04438964241676942,0.04551045510455105,0.04779411764705882,0.0475609756097561,0.050970873786407765,0.05205811138014528,0.0535077288941736,0.053003533568904596,0.053864168618266976,0.053426248548199766,0.053426248548199766,0.055491329479768786,0.05580865603644647,0.05649717514124294,0.057971014492753624,0.057649667405764965,0.057458563535911604,0.05726872246696035,0.05792349726775956,0.05779716466739367,0.057608695652173914,0.05723542116630669,0.05723542116630669,0.05717367853290183,0.05692803437164339,0.05692803437164339,0.05680600214362272,0.05680600214362272,0.0574468085106383,0.0574468085106383,0.05726405090137858,0.057203389830508475,0.056842105263157895,0.05672268907563025,0.056485355648535567,0.056485355648535567,0.056133056133056136,0.055842812823164424,0.055612770339855816,0.0565262076053443,0.05641025641025641,0.05629477993858751,0.05606523955147808,0.05595116988809766,0.05566801619433198,0.05555555555555555,0.05365853658536585,0.053554040895813046,0.052581261950286805,0.05174035747883349,0.05116279069767442,0.050784856879039705,0.050274223034734916,0.04954954954954955,0.049151027703306524,0.04888888888888889,0.048802129547471165,0.04875886524822695,1.0
WA,0.0,0.0,0.0,0.0,0.0,0.0,0.0,0.0,0.0,0.0,0.0,0.0,0.0,0.0,0.0,0.0,0.0,0.0,0.0,0.0,0.0,0.0,0.0,0.0,0.0,0.0,0.0,0.0,0.0,0.0,0.0,0.0,0.0,0.0,0.0,0.0,0.0,0.0,0.14285714285714285,0.09090909090909091,0.3333333333333333,0.25925925925925924,0.2564102564102564,0.15714285714285714,0.16666666666666666,0.1568627450980392,0.1557377049180328,0.1419753086419753,0.09056603773584905,0.07945205479452055,0.06783369803063458,0.06514084507042253,0.06230529595015576,0.054616384915474644,0.052980132450331126,0.05168986083499006,0.05560235888795282,0.05377906976744186,0.05446194225721785,0.05251396648044693,0.04759519038076152,0.049527239981990094,0.05010183299389002,0.05114296784192174,0.04647535870243294,0.04682096302208034,0.042900442993704824,0.03982843137254902,0.040265977096416695,0.039208760155422115,0.04007024265644955,0.03886770313875037,0.040455120101137804,0.040496407576747225,0.04216040913059748,0.044375521889538354,0.045386476212417926,0.046284080914687775,0.04642931501145118,0.04795629299878592,0.04802895431869314,0.04879454423206224,0.04821106576824523,0.050593846441597305,0.0526071627389126,0.05229637603157517,0.052691366655015726,0.05288135593220339,0.053778946475528035,0.0539556438265475,0.05553745928338762,0.05538658556106931,0.055755959849435384,0.055713955459659396,0.05542204866326224,0.05539940828402367,0.055896536606751424,0.05671555523444838,0.05685856432125089,0.05674996509842245,0.05617056170561706,0.05526298246783548,0.054871220604703244,0.05433727925480303,0.05521708458923876,0.054640342052313884,0.05483672211953173,0.05516568011228413,0.05518234165067178,0.055062166962699825,0.05514018691588785,0.05546577398129978,0.055628533896853044,0.055258567328794105,0.05520891364902507,0.05462897140044841,0.054256415821170856,0.053794067067927775,0.05476393024245002,0.054615425167378356,0.05461679309442846,0.05450581395348837,0.05361519607843137,0.053512886467947746,0.05332934609250399,0.05341922695738355,0.05366331781426121,0.053275529865125244,0.05273150125777208,0.05237269873986977,0.05153498663224855,0.05114670549690572,0.05095915143308508,0.05048707797695832,0.05007260087121045,0.04997607759558088,0.049187321360010236,0.04884524612272421,0.04829651815799326,0.0482897384305835,0.04827838232905636,0.04818596392106219,0.04783282348734655,0.04749784634662072,0.047112109012078046,0.04667788057190917,1.0
WI,,,,,,,,,,,,,,,,,,,,,,,,,,,,,,,,,,,,,,,,,,,,,,,,0.0,0.0,0.0,0.0,0.0,0.0,0.0,0.0,0.0,0.0,0.012903225806451613,0.014563106796116505,0.014234875444839857,0.010498687664041995,0.012195121951219513,0.01098901098901099,0.010273972602739725,0.011315417256011316,0.014251781472684086,0.01314459049544995,0.011690647482014389,0.011466011466011465,0.011843079200592153,0.015493867010974823,0.017919075144508672,0.019311064718162838,0.026515151515151516,0.03000882612533098,0.03158326497128794,0.035686578743211794,0.035921625544267054,0.03847487001733102,0.041720990873533245,0.04263927793339558,0.04310086800359174,0.04201925882696236,0.047538677918424754,0.048642837946788496,0.05085183273102736,0.05069238377843719,0.05029797377830751,0.050667894979272224,0.05113383726100489,0.05238095238095238,0.05077399380804953,0.05089108910891089,0.04893537542024654,0.04678156876538867,0.0460159025545593,0.04620950501562243,0.047702337414533315,0.04724651020095107,0.04611119217860791,0.04457814850266648,0.04360313315926893,0.04256654947262682,0.0412821758135017,0.041214244016345596,0.040678727946960334,0.040586001085187194,0.04004171011470282,0.04004829945663111,0.03915043554859548,0.03925897485121904,0.03939679547596607,0.0386167675655843,0.03849565371651588,0.03808627182471756,0.03709478867459992,0.03604178295191771,0.036105636578636184,0.03624932081037026,0.03587410501193317,0.03507887344233955,0.034458802278727246,0.03408403361344538,0.03338570306362922,0.03298466277353526,0.03253467843631778,0.0327440617216451,0.03240631628564695,0.032083145051965654,0.03225983431173534,0.03217391304347826,0.03209623476103139,0.03208754030765978,0.03176240074249768,0.03147468449896928,0.03126234689845911,0.03135481989208108,0.031007007775751175,0.03071364046973803,0.031021212690069456,0.031028574074931693,0.0310646838792081,0.03093386088755002,0.030689287617694083,0.030406889884875648,0.030263387406244548,1.0
WV,,,,,,,,,,,,,,,,,,,,,,,,,,,,,,,,,,,,,,,,,,,,,,,,,,,,,,,,1.0,0.0,0.0,0.0,0.0,0.0,0.0,0.0,0.0,0.0,0.0,0.0,0.008130081300813009,0.006896551724137931,0.006172839506172839,0.010582010582010581,0.009216589861751152,0.008438818565400843,0.0071174377224199285,0.009375,0.011594202898550725,0.009708737864077669,0.008350730688935281,0.009615384615384616,0.008726003490401396,0.01015228426395939,0.013179571663920923,0.014263074484944533,0.01451378809869376,0.016713091922005572,0.018005540166204988,0.02069857697283312,0.021897810218978103,0.02254791431792559,0.02869757174392936,0.028017241379310345,0.030208333333333334,0.03163265306122449,0.03042198233562316,0.03219512195121951,0.03238095238095238,0.03438661710037175,0.0347985347985348,0.036133694670280034,0.03914590747330961,0.03996524761077324,0.04149026248941575,0.04114189756507137,0.04016393442622951,0.0395799676898223,0.03930817610062893,0.038669760247486466,0.03860711582134747,0.038661710037174724,0.039056742815033164,0.040995607613469986,0.04145454545454545,0.04136947218259629,0.042776998597475455,0.04338842975206612,0.0440771349862259,0.04462474645030426,0.04523970290344362,0.04454787234042553,0.044213263979193757,0.04405286343612335,0.04404466501240695,0.04164222873900293,0.040687679083094556,0.04031800113571834,0.04094223219293326,0.04094223219293326,0.03840084166228301,0.03760947964966512,0.03709349593495935,0.036591478696741855,0.03733200597312095,0.03781925343811395,0.0377541142303969,0.037835249042145594,0.03984819734345351,0.039492242595204514,0.03938115330520394,0.03905160390516039,0.03876326718966313,0.03893724232707284,0.03894927536231884,0.039461883408071746,0.03898980948161276,0.038461538461538464,0.038294168842471714,1.0
WY,,,,,,,,,,,,,,,,,,,,,,,,,,,,,,,,,,,,,,,,,,,,,,,,,,,0.0,0.0,0.0,0.0,0.0,0.0,0.0,0.0,0.0,0.0,0.0,0.0,0.0,0.0,0.0,0.0,0.0,0.0,0.0,0.0,0.0,0.0,0.0,0.0,0.0,0.0,0.0,0.0,0.0,0.0,0.0,0.0,0.0036363636363636364,0.0035460992907801418,0.006944444444444444,0.006756756756756757,0.006557377049180328,0.006472491909385114,0.006389776357827476,0.006309148264984227,0.006211180124223602,0.02147239263803681,0.021148036253776436,0.020114942528735632,0.019444444444444445,0.01907356948228883,0.01804123711340206,0.017766497461928935,0.017369727047146403,0.016908212560386472,0.016706443914081145,0.016317016317016316,0.016091954022988506,0.015765765765765764,0.015486725663716814,0.014613778705636743,0.014492753623188406,0.014285714285714285,0.014141414141414142,0.013888888888888888,0.013725490196078431,0.013671875,0.01338432122370937,0.013232514177693762,0.012939001848428836,0.012522361359570662,0.014134275618374558,0.01733102253032929,0.012903225806451613,0.01397712833545108,0.015,0.014962593516209476,0.014760147601476014,0.014336917562724014,0.014234875444839857,0.015294117647058824,0.01627906976744186,0.017123287671232876,0.016835016835016835,0.016722408026755852,0.016611295681063124,0.01868131868131868,0.01864035087719298,0.018579234972677595,0.018458197611292075,0.018240343347639486,0.01812366737739872,0.017970401691331923,0.017763845350052248,0.017543859649122806,0.018386108273748723,0.017857142857142856,0.017526777020447908,0.017142857142857144,0.017013232514177693,0.016682113067655237,1.0
