countyFIPS,population,Total_cases
0,0,0
1001,55869,8698
1003,223234,15327
1005,24686,6160
1007,22394,3583
1009,57826,3276
1011,10101,6087
1013,19448,15376
1015,113605,8629
1017,33254,22264
1019,26196,1756
1021,44428,5185
1023,12589,5861
1025,23622,5457
1027,13235,1684
1029,14910,1025
1031,52342,10561
1033,55241,6663
1035,12067,1698
1037,10663,2206
1039,37049,3882
1041,13772,3034
1043,83768,6443
1045,49172,4489
1047,37196,10609
1049,71513,10800
1051,81209,14334
1053,36633,2920
1055,102268,12948
1057,16302,735
1059,31362,20149
1061,26271,1473
1063,8111,4766
1065,14651,6675
1067,17205,3114
1069,105882,9697
1071,51626,4388
1073,658573,93890
1075,13805,1181
1077,92729,7048
1079,32924,2084
1081,164542,31473
1083,98915,5454
1085,9726,9604
1087,18068,3811
1089,372909,20668
1091,18863,6896
1093,29709,6650
1095,96774,33616
1097,413210,105854
1099,20733,2034
1101,226486,66474
1103,119679,11820
1105,8923,1689
1107,19930,5226
1109,33114,8535
1111,22722,6595
1113,57961,7531
1115,89512,6557
1117,217702,28374
1119,12427,8906
1121,79978,5729
1123,40367,22174
1125,209355,31456
1127,63521,14545
1129,16326,3391
1131,10373,6814
1133,23629,3029
0,0,82
2013,3337,0
2016,5634,0
2020,288000,14821
2050,18386,123
2060,836,0
2068,2097,0
2070,4916,0
2090,96849,6274
2100,2530,7
2105,2148,0
2110,31974,2081
2122,58708,2574
2130,13901,1304
2150,12998,66
2158,8314,0
2164,1592,0
2170,108317,1668
2180,10004,121
2185,9832,19
2188,7621,63
2195,3266,253
2198,6203,129
2220,8493,98
2230,1183,0
2240,6893,148
2261,9202,0
2270,0,0
2275,2502,11
2282,579,0
2290,5230,75
0,0,6
4001,71887,60352
4003,125922,4376
4005,143476,53905
4007,54018,1566
4009,38837,1427
4011,9498,277
4012,21108,3792
4013,4485414,500689
4015,212181,16666
4017,110924,84974
4019,1047279,126000
4021,462789,44751
4023,46498,13467
4025,235099,13946
4027,213787,46415
0,0,11296
5001,17486,238
5003,19657,1323
5005,41932,527
5007,279141,23911
5009,37432,372
5011,10763,1076
5013,5189,0
5015,28380,1057
5017,10118,961
5019,22320,2654
5021,14551,274
5023,24919,5928
5025,7956,1035
5027,23457,1051
5029,20846,868
5031,110332,10133
5033,63257,1082
5035,47955,18203
5037,16419,2340
5039,7009,101
5041,11361,1118
5043,18219,1141
5045,126007,6658
5047,17715,187
5049,12477,247
5051,99386,8925
5053,18265,1096
5055,45325,2322
5057,21532,854
5059,33771,1634
5061,13202,1244
5063,37825,1428
5065,13629,715
5067,16719,187
5069,66824,23543
5071,26578,2656
5073,6624,529
5075,16406,4249
5077,8857,2853
5079,13024,51559
5081,12259,390
5083,21466,360
5085,73309,3115
5087,16576,1072
5089,16694,83
5091,43257,2810
5093,40651,3220
5095,6701,299
5097,8986,68
5099,8252,864
5101,7753,192
5103,23382,588
5105,10455,645
5107,17782,748
5109,10718,280
5111,23528,1831
5113,19964,1091
5115,64072,6478
5117,8062,186
5119,391911,48806
5121,17958,1413
5123,24994,24043
5125,122437,5974
5127,10281,89
5129,7881,505
5131,127827,2345
5133,17007,7213
5135,17442,1676
5137,12506,631
5139,38682,6969
5141,16545,2187
5143,239187,24694
5145,78753,2811
5147,6320,95
5149,21341,4997
0,0,32
6000,0,2121
6001,1671329,165614
6003,1129,147
6005,39752,649
6007,219186,2303
6009,45905,1048
6011,21547,308
6013,1153526,81532
6015,27812,1253
6017,192843,4737
6019,999101,78596
6021,28393,716
6023,135558,5539
6025,181215,76580
6027,18039,1397
6029,900202,104299
6031,152940,37299
6033,64386,926
6035,30573,141
6037,10039107,2524669
6039,157327,5998
6041,258826,25389
6043,17203,709
6045,86749,1251
6047,277680,13984
6049,8841,0
6051,14444,2284
6053,434061,28583
6055,137744,6307
6057,99755,3149
6059,3175692,291364
6061,398329,14189
6063,18807,293
6065,2470546,388590
6067,1552058,87073
6069,62808,4999
6071,2180085,238374
6073,3338330,371319
6075,881549,138643
6077,762148,51748
6079,283111,16333
6081,766573,112380
6083,446499,77361
6085,1927852,186498
6087,273213,11900
6089,180080,2493
6091,3005,24
6093,43539,522
6095,447643,26560
6097,494336,27187
6099,550660,37548
6101,96971,2848
6103,65084,277
6105,12285,43
6107,466195,85999
6109,54478,226
6111,846006,56459
6113,220500,12581
6115,78668,1721
0,0,8784
8001,517421,156288
8003,16233,2934
8005,656590,222084
8007,14029,547
8009,3581,838
8011,5577,71
8013,326196,51516
8014,70465,12969
8015,20356,4537
8017,1831,189
8019,9700,1068
8021,8205,88
8023,3887,343
8025,6061,2218
8027,5068,149
8029,31162,3395
8031,727211,281143
8033,2055,0
8035,351154,41600
8037,55127,41995
8039,26729,2712
8041,720403,89451
8043,47839,1480
8045,60061,8129
8047,6243,160
8049,15734,580
8051,17462,12213
8053,820,215
8055,6897,175
8057,1392,0
8059,582881,119030
8061,1406,0
8063,7097,1574
8065,8127,1542
8067,56221,4860
8069,356899,31651
8071,14506,278
8073,5701,205
8075,22409,25541
8077,154210,3545
8079,769,156
8081,13283,445
8083,26183,2013
8085,42758,8916
8087,29068,30244
8089,18278,889
8091,4952,439
8093,18845,1110
8095,4265,630
8097,17767,4378
8099,12172,536
8101,168424,13767
8103,6324,75
8105,11267,1200
8107,25638,4118
8109,6824,2072
8111,728,42
8113,8179,1431
8115,2248,0
8117,31011,11713
8119,25388,2088
8121,4908,1290
8123,324492,137717
8125,10019,1231
0,0,25261
9001,943332,886496
9003,891720,506084
9005,180333,75567
9007,162436,56897
9009,854757,604473
9011,265206,51972
9013,150721,40965
9015,116782,18565
0,0,2055
10001,180786,69029
10003,558753,177565
10005,234225,199508
11001,705749,430046
0,0,3520
12001,269043,23164
12003,29210,1780
12005,174705,5875
12007,28201,3205
12009,601942,23598
12011,1952778,419951
12013,14105,2223
12015,188910,22648
12017,149657,7676
12019,219252,21866
12021,384902,74596
12023,71686,6974
12027,38001,7284
12029,16826,1734
12031,957755,89804
12033,318316,43802
12035,115081,9993
12037,12125,146
12039,45660,11603
12041,18582,639
12043,13811,1866
12045,13639,144
12047,14428,7403
12049,26937,4012
12051,42022,16008
12053,193920,7367
12055,106221,7291
12057,1471968,120436
12059,19617,955
12061,159923,8250
12063,46414,8917
12065,14246,1834
12067,8422,346
12069,367118,18739
12071,770577,101739
12073,293582,20216
12075,41503,2099
12077,8354,8547
12079,18493,3745
12081,403253,54378
12083,365579,14237
12085,161000,29198
12086,2716940,1019293
12087,74228,6717
12089,88625,4478
12091,210738,13216
12093,42168,3474
12095,1393452,121342
12097,375751,41377
12099,1496770,308395
12101,553947,22109
12103,974996,73205
12105,724777,50482
12107,74521,8291
12109,264672,17026
12111,328297,25508
12113,184313,13354
12115,433742,33590
12117,471826,31168
12119,132420,15560
12121,44417,9714
12123,21569,891
12125,15237,1176
12127,553284,39884
12129,33739,1837
12131,74071,5456
12133,25473,2105
0,0,134773
13001,18386,6993
13003,8165,1813
13005,11164,4593
13007,3038,1937
13009,44890,17860
13011,19234,3374
13013,83240,15237
13015,107738,28289
13017,16700,3270
13019,19397,1969
13021,153159,24304
13023,12873,1900
13025,19109,2469
13027,15457,3994
13029,39627,4176
13031,79608,3398
13033,22383,6462
13035,24936,11406
13037,6189,7435
13039,54666,3142
13043,10803,683
13045,119992,30002
13047,67580,5796
13049,13392,1384
13051,289430,24553
13053,10907,3798
13055,24789,1257
13057,258773,44440
13059,128331,14528
13061,2834,2120
13063,292256,65002
13065,6618,2342
13067,760141,155155
13069,43273,12977
13071,45600,20695
13073,156714,13286
13075,17270,2272
13077,148509,20608
13079,12404,1367
13081,22372,12625
13083,16116,1490
13085,26108,5505
13087,26404,8459
13089,759297,187965
13091,20605,2510
13093,13390,9472
13095,87956,116338
13097,146343,28783
13099,10190,15176
13101,4006,3420
13103,64296,3459
13105,19194,3076
13107,22646,1599
13109,10654,290
13111,26188,2461
13113,114421,14039
13115,98498,14585
13117,244252,26518
13119,23349,3200
13121,1063937,246787
13123,31369,6398
13125,2971,40
13127,85292,6208
13129,57963,8873
13131,24633,5350
13133,18324,4090
13135,936250,184088
13137,45328,24173
13139,204441,122689
13141,8457,7743
13143,29792,2463
13145,35236,5529
13147,26205,1379
13149,11923,1387
13151,234561,40313
13153,157863,20130
13155,9416,1569
13157,72977,9029
13159,14219,1961
13161,15115,1695
13163,15362,1742
13165,8676,1345
13167,9643,4040
13169,28735,2176
13171,19077,3250
13173,10423,1278
13175,47546,5551
13177,29992,23745
13179,61435,3686
13181,7921,938
13183,19559,595
13185,117406,16583
13187,33610,4676
13189,21312,3644
13191,14378,634
13193,12947,5533
13195,29880,2464
13197,8359,2839
13199,21167,4817
13201,5718,2303
13205,21863,23445
13207,27578,4639
13209,9172,463
13211,19276,2104
13213,40096,4097
13215,195769,31777
13217,111744,17824
13219,40280,5819
13221,15259,3455
13223,168667,16799
13225,27546,4119
13227,32591,2464
13229,19465,5348
13231,18962,3062
13233,42613,5783
13235,11137,2218
13237,22119,4161
13239,2299,542
13241,17137,1083
13243,6778,11349
13245,202518,31310
13247,90896,16003
13249,5257,1111
13251,13966,1902
13253,8090,2471
13255,66703,15244
13257,25925,6519
13259,6621,2344
13261,29524,28181
13263,6195,1970
13265,1537,49
13267,25286,1098
13269,8020,1275
13271,15860,1959
13273,8531,13293
13275,44451,16783
13277,40644,12914
13279,26830,3055
13281,12037,1392
13283,6901,464
13285,69922,17020
13287,7985,6093
13289,8120,747
13291,24511,2281
13293,26320,15949
13295,69761,6155
13297,94593,11753
13299,35734,11404
13301,5254,1021
13303,20374,3737
13305,29927,1078
13307,2607,689
13309,7855,563
13311,30798,5160
13313,104628,15166
13315,8635,5791
13317,9777,1796
13319,8954,3096
13321,20247,12624
0,0,806
15001,201513,5080
15003,974563,30934
15005,86,0
15007,72293,1557
15009,167417,8116
0,0,30
16001,481587,53331
16003,4294,197
16005,87808,1452
16007,6125,0
16009,9298,287
16011,46811,540
16013,23021,37920
16015,7831,0
16017,45739,331
16019,119062,2500
16021,12245,0
16023,2597,0
16025,1106,77
16027,229849,19091
16029,7155,105
16031,24030,2750
16033,845,0
16035,8756,0
16037,4315,159
16039,27511,2046
16041,13876,156
16043,13099,209
16045,18112,1037
16047,15179,1846
16049,16667,228
16051,29871,476
16053,24412,7130
16055,165697,4903
16057,40108,381
16059,8027,53
16061,3838,0
16063,5366,1919
16065,39907,1174
16067,21039,2065
16069,40408,4658
16071,4531,0
16073,11823,508
16075,23951,1297
16077,7681,249
16079,12882,0
16081,12142,722
16083,86878,19474
16085,11392,172
16087,10194,1331
0,0,13657
17001,65435,2677
17003,5761,462
17005,16426,590
17007,53544,17207
17009,6578,396
17011,32628,932
17013,4739,72
17015,14305,815
17017,12147,3154
17019,209689,25083
17021,32304,2225
17023,15441,537
17025,13184,118
17027,37562,8981
17029,50621,4547
17031,5150233,3691663
17033,18667,654
17035,10766,441
17037,104897,15769
17039,15638,208
17041,19465,1520
17043,922921,345201
17045,17161,19
17047,6395,68
17049,34008,393
17051,21336,1203
17053,12961,942
17055,38469,655
17057,34340,425
17059,4828,135
17061,12969,257
17063,51054,4577
17065,8116,115
17067,17708,708
17069,3821,56
17071,6646,372
17073,48913,3696
17075,27114,5500
17077,56750,11596
17079,9610,2581
17081,37684,5381
17083,21773,1152
17085,21235,1434
17087,12417,426
17089,532403,249314
17091,109862,41271
17093,128990,33410
17095,49699,4410
17097,696535,381599
17099,108669,6827
17101,15678,226
17103,34096,3666
17105,35648,1832
17107,28618,537
17109,29682,3417
17111,307774,70777
17113,171517,10657
17115,104009,9496
17117,44926,2401
17119,262966,29098
17121,37205,2689
17123,11438,295
17125,13359,882
17127,13772,366
17129,12196,929
17131,15437,780
17133,34637,5457
17135,28414,2080
17137,33658,2313
17139,14501,495
17141,50643,9758
17143,179179,10869
17145,20916,1897
17147,16344,591
17149,15561,77
17151,4177,39
17153,5335,2157
17155,5739,31
17157,31782,12927
17159,15513,195
17161,141879,32866
17163,259686,51885
17165,23491,355
17167,194672,16430
17169,6768,437
17171,4951,0
17173,21634,767
17175,5342,123
17177,44498,7776
17179,131803,3782
17181,16653,5701
17183,75758,1803
17185,11520,217
17187,16844,5499
17189,13887,935
17191,16215,354
17193,13537,109
17195,55175,7021
17197,690743,264000
17199,66597,3097
17201,282572,85663
17203,38459,1117
0,0,0
18001,35777,817
18003,379299,67723
18005,83779,24112
18007,8748,1182
18009,11758,1057
18011,67843,16637
18013,15092,1738
18015,20257,3970
18017,37689,77205
18019,118302,25445
18021,26225,2166
18023,32399,8495
18025,10577,1387
18027,33351,4330
18029,49458,9232
18031,26559,14642
18033,43475,2173
18035,114135,17254
18037,42736,7065
18039,206341,51469
18041,23102,3293
18043,78522,16735
18045,16346,1001
18047,22758,7442
18049,19974,2247
18051,33659,789
18053,65769,10603
18055,31922,8048
18057,338011,65043
18059,78168,18138
18061,40515,10376
18063,170311,61401
18065,47972,7053
18067,82544,17850
18069,36520,1393
18071,44231,17560
18073,33562,3217
18075,20436,2013
18077,32308,2332
18079,27735,7116
18081,158167,56835
18083,36594,1614
18085,79456,6015
18087,39614,4520
18089,485493,174358
18091,109888,20404
18093,45370,8648
18095,129569,33340
18097,964582,508431
18099,46258,5374
18101,10255,583
18103,35516,7178
18105,148431,10045
18107,38338,9766
18109,70489,14554
18111,13984,4099
18113,47744,9938
18115,5875,575
18117,19646,6456
18119,20799,2036
18121,16937,983
18123,19169,1514
18125,12389,234
18127,170389,24765
18129,25427,932
18131,12353,1989
18133,37576,6724
18135,24665,2064
18137,28324,7243
18139,16581,2547
18141,271826,60503
18143,23873,5403
18145,44729,17819
18147,20277,752
18149,22995,1752
18151,34594,3833
18153,20669,1595
18155,10751,1184
18157,195732,17240
18159,15148,1426
18161,7054,554
18163,181451,13262
18165,15498,531
18167,107038,7565
18169,30996,3688
18171,8265,733
18173,62998,8324
18175,28036,3147
18177,65884,3828
18179,28296,1264
18181,24102,9166
18183,33964,2032
0,0,861
19001,7152,337
19003,3602,168
19005,13687,6401
19007,12426,531
19009,5496,527
19011,25645,2380
19013,131228,83507
19015,26234,2633
19017,25062,3561
19019,21175,1577
19021,19620,23807
19023,14439,736
19025,9668,231
19027,20165,575
19029,12836,345
19031,18627,2715
19033,42450,1498
19035,11235,1028
19037,11933,492
19039,9395,1767
19041,16016,944
19043,17549,1540
19045,46429,3762
19047,16820,18214
19049,93453,39869
19051,9000,822
19053,7870,43
19055,17011,716
19057,38967,2480
19059,17258,1354
19061,97311,14614
19063,9208,564
19065,19650,1403
19067,15642,588
19069,10070,690
19071,6960,137
19073,8888,649
19075,12232,941
19077,10689,2064
19079,14773,1823
19081,10630,649
19083,16846,929
19085,14049,1426
19087,19954,3262
19089,9158,633
19091,9558,652
19093,6860,400
19095,16184,1681
19097,19439,577
19099,37185,12629
19101,18295,1072
19103,151140,35389
19105,20681,1952
19107,10246,578
19109,14813,400
19111,33657,1145
19113,226706,52068
19115,11035,18990
19117,8600,419
19119,11755,1061
19121,16338,1034
19123,22095,2978
19125,33253,1299
19127,39369,41909
19129,15109,676
19131,10586,246
19133,8615,1149
19135,7707,1206
19137,9917,299
19139,42664,28712
19141,13753,1455
19143,5958,1446
19145,15107,651
19147,8886,193
19149,25177,5053
19151,6619,466
19153,490161,169802
19155,93206,10586
19157,18504,4495
19159,4894,124
19161,9721,666
19163,172943,19173
19165,11454,1520
19167,34855,8849
19169,97117,5118
19171,16854,21244
19173,6121,1442
19175,12241,258
19177,7044,615
19179,34969,20175
19181,51466,5244
19183,21965,11138
19185,6441,68
19187,35904,1736
19189,10354,419
19191,19991,1206
19193,103107,110820
19195,7381,141
19197,12562,5155
0,0,7
20001,12369,0
20003,7858,38
20005,16073,955
20007,4427,70
20009,25779,1650
20011,14534,505
20013,9564,217
20015,66911,1634
20017,2648,142
20019,3250,273
20021,19939,629
20023,2657,95
20025,1994,1120
20027,8002,291
20029,8786,280
20031,8179,3526
20033,1700,43
20035,34908,500
20037,38818,551
20039,2827,0
20041,18466,173
20043,7600,610
20045,122259,4311
20047,2798,230
20049,2530,0
20051,28553,571
20053,6102,88
20055,36467,58187
20057,33619,72028
20059,25544,1839
20061,31670,1005
20063,2636,81
20065,2482,0
20067,7150,657
20069,5988,761
20071,1232,0
20073,5982,294
20075,2539,720
20077,5436,67
20079,34429,680
20081,3968,845
20083,1794,95
20085,13171,2695
20087,19043,1019
20089,2879,264
20091,602401,45182
20093,3838,1832
20095,7152,0
20097,2475,111
20099,19618,1500
20101,1535,78
20103,81758,48377
20105,2962,0
20107,9703,548
20109,2794,0
20111,33195,19089
20113,28542,1744
20115,11884,421
20117,9707,0
20119,4033,1108
20121,34237,400
20123,5979,236
20125,31829,1235
20127,5620,273
20129,2587,251
20131,10231,442
20133,16007,173
20135,2750,70
20137,5361,96
20139,15949,451
20141,3421,147
20143,5704,274
20145,6414,30
20147,5234,98
20149,24383,1305
20151,9164,94
20153,2530,0
20155,61998,2791
20157,4636,278
20159,9537,192
20161,74232,3636
20163,4920,398
20165,3036,0
20167,6856,0
20169,54224,1634
20171,4823,469
20173,516042,32239
20175,21428,39324
20177,176875,14235
20179,2521,109
20181,5917,305
20183,3583,123
20185,4156,79
20187,2006,425
20189,5485,1190
20191,22836,369
20193,7777,0
20195,2803,25
20197,6931,1453
20199,1518,0
20201,5406,6
20203,2119,0
20205,8525,60
20207,3138,404
20209,165429,69660
0,0,2914
21001,19202,5536
21003,21315,2983
21005,22747,900
21007,7888,560
21009,44249,2060
21011,12500,413
21013,26032,51
21015,133581,19013
21017,19788,669
21019,46718,2414
21021,30060,1303
21023,8303,679
21025,12630,166
21027,20477,878
21029,81676,5468
21031,12879,11274
21033,12747,776
21035,39001,2687
21037,93584,8530
21039,4760,195
21041,10631,434
21043,26797,560
21045,16159,182
21047,70461,6880
21049,36263,2238
21051,19901,258
21053,10218,216
21055,8806,311
21057,6614,306
21059,101511,16911
21061,12150,2591
21063,7517,28
21065,14106,29
21067,323152,35370
21069,14581,105
21071,35589,825
21073,50991,2116
21075,5969,233
21077,8869,953
21079,17666,227
21081,25069,2132
21083,37266,8517
21085,26427,5800
21087,10941,85
21089,35098,801
21091,8722,409
21093,110958,4850
21095,26010,128
21097,18886,1650
21099,19035,857
21101,45210,5337
21103,16126,825
21105,4380,227
21107,44686,13069
21109,13329,3597
21111,766757,124844
21113,54115,3426
21115,22188,255
21117,166998,27851
21119,14806,234
21121,31145,457
21123,14398,451
21125,60813,1256
21127,15317,140
21129,7403,19
21131,9877,301
21133,21553,165
21135,13275,372
21137,24549,444
21139,9194,371
21141,27102,5215
21143,8210,976
21145,65418,4841
21147,17231,817
21149,9207,1104
21151,92987,2837
21153,12161,63
21155,19273,1354
21157,31100,2067
21159,11195,201
21161,17070,554
21163,28572,1025
21165,6489,320
21167,21933,793
21169,10071,200
21171,10650,724
21173,28157,1181
21175,13309,108
21177,30622,21821
21179,46233,2042
21181,7269,130
21183,23994,5809
21185,66799,3738
21187,10901,90
21189,4415,130
21191,14590,493
21193,25758,952
21195,57876,1391
21197,12359,97
21199,64979,3394
21201,2108,0
21203,16695,791
21205,24460,338
21207,17923,1367
21209,57004,2107
21211,49024,6240
21213,18572,2557
21215,19351,1097
21217,25769,630
21219,12294,980
21221,14651,570
21223,8471,205
21225,14381,716
21227,132896,42550
21229,12095,391
21231,20333,533
21233,12942,1741
21235,36264,762
21237,7157,28
21239,26734,1633
0,0,6495
22001,62045,17981
22003,25627,9000
22005,126604,50229
22007,21891,14605
22009,40144,7148
22011,37497,4083
22013,13241,6832
22015,127039,24114
22017,240204,136066
22019,203436,34464
22021,9918,2914
22023,6973,292
22025,9494,5222
22027,15670,4151
22029,19259,3857
22031,27463,14914
22033,440059,187425
22035,6861,4600
22037,19135,10458
22039,33395,4489
22041,20015,15236
22043,22389,1643
22045,69830,21831
22047,32511,32966
22049,15744,4667
22051,432493,487339
22053,31368,4930
22055,244390,43255
22057,97614,50866
22059,14892,2514
22061,46742,7884
22063,140789,21295
22065,10951,4117
22067,24874,5696
22069,38158,7688
22071,390144,495641
22073,153279,64999
22075,23197,13580
22077,21730,9657
22079,129648,35268
22081,8442,2434
22083,20122,6379
22085,23884,1994
22087,47244,35384
22089,53100,41549
22091,10132,2539
22093,21096,19423
22095,42837,55921
22097,82124,15226
22099,53431,17680
22101,49348,17082
22103,260419,103015
22105,134758,47570
22107,4334,499
22109,110461,37221
22111,22108,14343
22113,59511,3168
22115,47429,1594
22117,46194,23358
22119,38340,8495
22121,26465,9339
22123,10830,2008
22125,15568,10794
22127,13904,5958
0,0,289
23001,108277,11186
23003,67055,438
23005,295003,56525
23007,30199,1938
23009,54987,667
23011,122302,7696
23013,39772,1261
23015,34634,1208
23017,57975,1535
23019,152148,5628
23021,16785,58
23023,35856,1713
23025,50484,1271
23027,39715,3239
23029,31379,74
23031,207641,20337
0,0,12
24001,70416,8790
24003,579234,177867
24005,827370,288936
24009,92525,15781
24011,33406,10559
24013,168447,43392
24015,102855,18010
24017,163257,53782
24019,31929,6244
24021,259547,90277
24023,29014,501
24025,255441,40738
24027,325690,89940
24029,19422,7627
24031,1050688,508501
24033,909327,678211
24035,50381,6855
24037,113510,20429
24039,25616,3157
24041,37181,4196
24043,151049,21423
24045,103609,41384
24047,52276,8758
24510,593490,247150
0,0,33393
25001,212990,75018
25003,124944,35569
25005,565217,340156
25007,17332,1734
25009,789034,736051
25011,70180,19592
25013,466372,314503
25015,160830,44616
25017,1611699,1146423
25019,11399,860
25021,706775,457593
25023,521202,415372
25025,803907,995479
25027,830622,530923
0,0,174728
26001,10405,555
26003,9108,6
26005,118081,10288
26007,28405,4979
26009,23324,756
26011,14883,1742
26013,8209,46
26015,61550,3393
26017,103126,14747
26019,17766,243
26021,153401,30350
26023,43517,6075
26025,134159,19530
26027,51787,3791
26029,26143,1052
26031,25276,1344
26033,37349,126
26035,30950,967
26037,79595,9467
26039,14029,3363
26041,35784,1049
26043,25239,308
26045,110268,11089
26047,33415,1582
26049,405813,125025
26051,25449,1027
26053,13975,330
26055,93088,1698
26057,40711,2939
26059,45605,9926
26061,35684,240
26063,30981,2222
26065,292406,40260
26067,64697,6970
26069,25127,4077
26071,11066,26
26073,69872,4596
26075,158510,26250
26077,265066,39302
26079,18038,1394
26081,656955,163317
26083,2116,6
26085,11853,238
26087,87607,12156
26089,21761,659
26091,98451,8606
26093,191995,26515
26095,6229,131
26097,10799,429
26099,873972,411510
26101,24558,792
26103,66699,3290
26105,29144,1376
26107,43453,1214
26109,22780,386
26111,83156,5215
26113,15118,983
26115,150500,26987
26117,63888,3549
26119,9328,299
26121,173566,28671
26123,48980,3785
26125,1257584,567909
26127,26467,3192
26129,20997,1141
26131,5720,0
26133,23460,710
26135,8241,368
26137,24668,6409
26139,291830,32496
26141,12592,630
26143,24019,1246
26145,190539,54569
26147,159128,26024
26149,60964,5379
26151,41170,2591
26153,8094,239
26155,68122,13023
26157,52245,9492
26159,75677,6659
26161,367601,85138
26163,1749343,1279673
26165,33631,750
0,0,2209
27001,15886,305
27003,356921,51562
27005,34423,1545
27007,47188,747
27009,40889,6498
27011,4991,289
27013,67653,5694
27015,25008,782
27017,35871,4090
27019,105089,7768
27021,29779,556
27023,11800,1602
27025,56579,2269
27027,64222,18011
27029,8818,184
27031,5463,3
27033,11196,3196
27035,65055,2758
27037,429021,48319
27039,20934,2390
27041,38141,1386
27043,13653,774
27045,21067,1113
27047,30281,5390
27049,46340,2836
27051,5972,138
27053,1265843,319006
27055,18600,138
27057,21491,73
27059,40596,1292
27061,45130,2100
27063,9846,1763
27065,16337,429
27067,43199,19448
27069,4298,59
27071,12229,269
27073,6623,157
27075,10641,40
27077,3740,0
27079,28887,2501
27081,5639,274
27083,25474,2956
27085,35893,1281
27087,5527,250
27089,9336,435
27091,19683,7108
27093,23222,1745
27095,26277,707
27097,33386,1531
27099,40062,11628
27101,8194,1630
27103,34274,2877
27105,21629,67927
27107,6375,639
27109,158293,29675
27111,58746,2498
27113,14119,694
27115,29579,4254
27117,9126,486
27119,31364,2820
27121,11249,302
27123,550321,106587
27125,4055,151
27127,15170,241
27129,14548,372
27131,66972,15780
27133,9315,1034
27135,15165,124
27137,199070,6207
27139,149013,15191
27141,97238,8789
27143,14865,583
27145,161075,79342
27147,36649,5759
27149,9805,19
27151,9266,629
27153,24664,8722
27155,3259,217
27157,21627,989
27159,13682,307
27161,18612,1125
27163,262440,24691
27165,10897,2570
27167,6207,735
27169,50484,4793
27171,138377,11043
27173,9709,308
0,0,449
28001,30693,10519
28003,36953,935
28005,12297,2799
28007,18174,12842
28009,8259,849
28011,30628,8840
28013,14361,3754
28015,9947,5329
28017,17103,6759
28019,8210,1915
28021,8988,3696
28023,15541,6240
28025,19316,5204
28027,22124,6134
28029,28065,13009
28031,18636,6965
28033,184945,28079
28035,74897,25276
28037,7713,1459
28039,24500,1272
28041,13586,884
28043,20758,4264
28045,47632,5271
28047,208080,15080
28049,231840,49853
28051,17010,17285
28053,8064,2700
28055,1327,0
28057,23390,4327
28059,143617,19034
28061,16383,6569
28063,6990,1933
28065,11128,3444
28067,68098,23967
28069,9742,6272
28071,54019,7307
28073,63343,11046
28075,74125,34605
28077,12586,4513
28079,22786,19476
28081,85436,8090
28083,28183,13418
28085,34153,13203
28087,58595,8729
28089,106272,32083
28091,24573,5775
28093,35294,4395
28095,35252,12847
28097,9775,3877
28099,29118,26070
28101,21018,10842
28103,10417,7694
28105,49587,9246
28107,34192,3945
28109,55535,12528
28111,11973,2545
28113,39288,11225
28115,32174,2117
28117,25126,2594
28119,6792,1515
28121,155271,20150
28123,28124,29432
28125,4321,394
28127,26658,4476
28129,15916,7048
28131,18336,1654
28133,25110,4846
28135,13809,1282
28137,28321,4223
28139,22015,4777
28141,19383,1213
28143,9632,3050
28145,28815,3449
28147,14286,3190
28149,45381,7829
28151,43909,8686
28153,20183,7034
28155,9689,2771
28157,8630,5243
28159,17955,5224
28161,12108,3991
28163,29690,12828
0,0,316
29001,25343,2219
29003,17712,987
29005,5143,171
29007,25388,2360
29009,35789,424
29011,11754,11
29013,16172,539
29015,19443,575
29017,12133,346
29019,180463,9147
29021,87364,27677
29023,42478,1903
29025,9020,265
29027,44743,1886
29029,46305,2577
29031,78871,4064
29033,8679,313
29035,5982,290
29037,105780,5159
29039,14349,545
29041,7426,387
29043,88595,1593
29045,6797,74
29047,249948,8686
29049,20387,1063
29051,76745,3878
29053,17709,548
29055,23920,511
29057,7561,1
29059,16878,185
29061,8278,213
29063,12547,304
29065,15573,32
29067,13185,38
29069,29131,2026
29071,103967,8772
29073,14706,149
29075,6571,997
29077,293086,8320
29079,9850,109
29081,8352,499
29083,21824,625
29085,9544,0
29087,4403,62
29089,10001,162
29091,40117,495
29093,10125,124
29095,703011,93272
29097,121328,2559
29099,225081,19869
29101,54062,4584
29103,3959,12
29105,35723,178
29107,32708,4079
29109,38355,279
29111,9776,361
29113,59013,4390
29115,11920,435
29117,15227,200
29119,22837,1029
29121,15117,222
29123,12088,151
29125,8697,151
29127,28530,284
29129,3617,56
29131,25619,184
29133,13180,1609
29135,16132,2607
29137,8644,50
29139,11551,584
29141,20627,413
29143,17076,1016
29145,58236,1250
29147,22092,484
29149,10529,123
29151,13615,352
29153,9174,0
29155,15805,3711
29157,19136,3637
29159,42339,3565
29161,44573,194
29163,18302,1012
29165,104418,3601
29167,32149,147
29169,52607,2660
29171,4696,9
29173,10309,171
29175,24748,635
29177,23018,994
29179,6270,156
29181,13288,446
29183,402022,45273
29185,9397,136
29186,17894,639
29187,67215,2165
29189,994205,261632
29195,22761,13152
29197,4660,31
29199,4902,321
29201,38280,5591
29203,8166,86
29205,5930,83
29207,29025,3445
29209,31952,294
29211,6089,1789
29213,55928,840
29215,25398,18
29217,20563,414
29219,35649,1638
29221,24730,584
29223,12873,0
29225,39592,993
29227,2013,155
29229,18289,765
29510,300576,97991
0,0,10
30001,9453,73
30003,13319,871
30005,6681,0
30007,6237,332
30009,10725,399
30011,1252,0
30013,81366,1192
30015,5635,0
30017,11402,23
30019,1690,0
30021,8613,0
30023,9140,259
30025,2846,0
30027,11050,24
30029,103806,2736
30031,114434,11443
30033,1258,0
30035,13753,367
30037,821,181
30039,3379,0
30041,16484,83
30043,12221,201
30045,2007,0
30047,30458,422
30049,69432,1328
30051,2337,77
30053,19980,548
30055,1664,0
30057,8600,629
30059,1862,81
30061,4397,0
30063,119600,2827
30065,4633,77
30067,16606,582
30069,487,0
30071,3954,0
30073,5911,119
30075,1682,0
30077,6890,0
30079,1077,0
30081,43806,593
30083,10803,199
30085,11004,455
30087,8937,14
30089,12113,0
30091,3309,0
30093,34915,905
30095,9642,70
30097,3737,0
30099,6147,0
30101,4736,2014
30103,696,0
30105,7396,0
30107,2126,53
30109,969,0
30111,161300,6242
0,0,239
31001,31363,13584
31003,6298,335
31005,463,0
31007,745,7
31009,465,0
31011,5192,184
31013,10783,98
31015,1919,15
31017,2955,0
31019,49659,8091
31021,6459,339
31023,8016,1651
31025,26248,1639
31027,8402,309
31029,3924,23
31031,5689,73
31033,8910,489
31035,6203,936
31037,10709,24046
31039,8846,1161
31041,10777,1769
31043,20026,70735
31045,8589,38
31047,23595,38884
31049,1794,0
31051,5636,1200
31053,36565,16849
31055,571327,156131
31057,1693,0
31059,5462,249
31061,2979,319
31063,2627,48
31065,4676,333
31067,21513,2658
31069,1837,56
31071,1969,11
31073,1990,698
31075,623,0
31077,2356,113
31079,61353,76533
31081,9324,2867
31083,3380,0
31085,922,0
31087,2762,47
31089,10067,44
31091,682,0
31093,6445,1680
31095,7046,294
31097,5071,290
31099,6495,542
31101,8034,84
31103,806,0
31105,3632,588
31107,8332,471
31109,319090,46992
31111,34914,2589
31113,748,0
31115,664,0
31117,494,0
31119,35099,13600
31121,7755,1491
31123,4642,444
31125,3519,196
31127,6972,166
31129,4148,31
31131,16012,317
31133,2613,0
31135,2891,0
31137,9034,737
31139,7148,168
31141,33470,22416
31143,5213,547
31145,10724,241
31147,7865,34
31149,1357,0
31151,14224,20429
31153,187196,23932
31155,21578,1550
31157,35618,4346
31159,17284,1169
31161,5246,0
31163,3001,143
31165,1166,5
31167,5920,747
31169,5003,18
31171,722,41
31173,7224,1474
31175,4158,161
31177,20729,1972
31179,9385,550
31181,3487,274
31183,783,0
31185,13679,1509
0,0,2208
32001,24909,358
32003,2266715,360833
32005,48905,1733
32007,52778,1368
32009,873,0
32011,2029,0
32013,16831,3976
32015,5532,865
32017,5183,74
32019,57510,3025
32021,4505,204
32023,46523,3179
32027,6725,44
32029,4123,32
32031,471519,80498
32033,9580,200
32510,55916,4460
0,0,1074
33001,61303,3366
33003,48910,2867
33005,76085,3082
33007,31563,234
33009,89886,4704
33011,417025,109966
33013,151391,16645
33015,309769,67237
33017,130633,13433
33019,43146,1056
0,0,106422
34001,263670,99035
34003,932202,1150914
34005,445349,233281
34007,506471,319866
34009,92039,30146
34011,149527,95148
34013,798975,1036951
34015,291636,110913
34017,672391,1083751
34019,124371,51992
34021,367430,346332
34023,825062,898770
34025,618795,480235
34027,491845,391609
34029,607186,504551
34031,501826,925946
34033,62385,27263
34035,328934,262293
34037,140488,66852
34039,556341,928260
34041,105267,66128
0,0,11383
35001,679121,75719
35003,3527,116
35005,64615,2362
35006,26675,6484
35007,11941,317
35009,48954,2405
35011,1748,0
35013,218195,19928
35015,58460,1294
35017,26998,973
35019,4300,938
35021,625,54
35023,4198,53
35025,71070,1177
35027,19572,170
35028,19369,409
35029,23709,504
35031,71367,106444
35033,4521,0
35035,67490,812
35037,8253,236
35039,38921,2095
35041,18500,1426
35043,146748,31667
35045,123958,75799
35047,27277,553
35049,150358,8714
35051,10791,63
35053,16637,2971
35055,32723,1657
35057,15461,1460
35059,4059,183
35061,76688,3896
0,0,4013
1,0,739
36001,305506,98004
36003,46091,2870
36005,1418207,2776903
36007,190488,27456
36009,76117,4385
36011,76576,4437
36013,126903,3834
36015,83456,8312
36017,47207,7681
36019,80485,5529
36021,59461,19264
36023,47581,2321
36025,44135,4802
36027,294218,229645
36029,918702,307121
36031,36885,2098
36033,50022,1303
36035,53383,8864
36037,57280,11243
36039,47188,12064
36041,4416,331
36043,61319,5809
36045,109834,4704
36047,2559903,3451192
36049,26296,959
36051,62914,6194
36053,70941,16124
36055,741770,145226
36057,49221,4687
36059,1356924,2623129
36061,1628706,1690197
36063,209281,47151
36065,228671,47695
36067,460528,98216
36069,109777,9700
36071,384940,635840
36073,40352,9872
36075,117124,5711
36077,59493,4630
36079,98320,72197
36081,2253858,3905545
36083,158714,25309
36085,476143,861186
36087,325789,853687
36089,107740,12165
36091,229863,28334
36093,155299,37844
36095,30999,2873
36097,17807,637
36099,34016,3109
36101,95379,15114
36103,1476601,2484665
36105,75432,72011
36107,48203,6457
36109,102180,10549
36111,177573,95836
36113,63944,13278
36115,61204,11962
36117,89918,6275
36119,967506,2192157
36121,39859,4880
36123,24913,1655
0,0,1214
37001,169509,15799
37003,37497,1272
37005,11137,772
37007,24446,2915
37009,27203,1342
37011,17557,86
37013,46994,1906
37015,18947,5172
37017,32722,4532
37019,142820,5252
37021,261191,12607
37023,90485,16746
37025,216453,26013
37027,82178,6078
37029,10867,132
37031,69473,2285
37033,22604,3036
37035,159551,9216
37037,74470,29779
37039,28612,1309
37041,13943,753
37043,11231,373
37045,97947,4747
37047,55508,14398
37049,102139,7747
37051,335509,29246
37053,27763,597
37055,37009,1076
37057,167609,19334
37059,42846,4089
37061,58741,28715
37063,321488,76460
37065,51472,9535
37067,382295,51134
37069,69685,8550
37071,224529,14753
37073,11562,922
37075,8441,126
37077,60443,16602
37079,21069,3260
37081,537174,55497
37083,50010,7425
37085,135976,14537
37087,62317,1801
37089,117417,17034
37091,23677,4235
37093,55234,9734
37095,4937,61
37097,181806,13174
37099,43938,1499
37101,209339,20716
37103,9419,1224
37105,61779,18646
37107,55949,8918
37109,86111,3544
37111,45756,3181
37113,35858,2542
37115,21755,105
37117,22440,2666
37119,1110356,197531
37121,14964,528
37123,27173,4928
37125,100880,9384
37127,94298,9578
37129,234473,9691
37131,19483,8073
37133,197938,5164
37135,148476,19145
37137,12726,602
37139,39824,4825
37141,63060,3241
37143,13463,1192
37145,39490,2308
37147,180742,14650
37149,20724,1981
37151,143667,27789
37153,44829,6657
37155,130625,29334
37157,91010,3756
37159,142088,33694
37161,67029,9620
37163,63531,17514
37165,34823,3382
37167,62806,3510
37169,45591,2493
37171,71783,7304
37173,14271,621
37175,34385,709
37177,4016,253
37179,239859,23660
37181,44535,12513
37183,1111761,89319
37185,19731,2632
37187,11580,1742
37189,56177,1160
37191,123131,54853
37193,68412,18122
37195,81801,16882
37197,37667,6373
37199,18069,549
0,0,0
38001,2216,0
38003,10415,326
38005,6832,57
38007,928,0
38009,6282,73
38011,3024,70
38013,2115,290
38015,95626,7477
38017,181923,69170
38019,3762,0
38021,4872,22
38023,2264,80
38025,4424,663
38027,2287,169
38029,3241,150
38031,3210,83
38033,1761,0
38035,69451,16831
38037,2274,113
38039,2231,25
38041,2499,0
38043,2480,13
38045,4046,53
38047,1850,0
38049,5745,120
38051,2497,82
38053,15024,987
38055,9450,383
38057,8187,199
38059,31364,3013
38061,10545,2575
38063,2879,57
38065,1959,78
38067,6801,269
38069,3975,214
38071,11519,438
38073,5218,315
38075,2327,80
38077,16177,907
38079,14176,222
38081,3898,160
38083,1315,10
38085,4230,96
38087,750,215
38089,31489,3856
38091,1890,30
38093,20704,1159
38095,2189,0
38097,8036,358
38099,10641,645
38101,67641,2207
38103,3834,176
38105,37589,1221
0,0,26
39001,27698,477
39003,102351,10271
39005,53484,983
39007,97241,14331
39009,65327,703
39011,45656,3328
39013,67006,18154
39015,43432,1336
39017,383134,38078
39019,26914,1742
39021,38885,1372
39023,134083,10659
39025,206428,9654
39027,41968,2492
39029,101883,31377
39031,36600,1874
39033,41494,5237
39035,1235072,219030
39037,51113,8145
39039,38087,1811
39041,209177,16713
39043,74266,7033
39045,157574,13870
39047,28525,1812
39049,1316756,272321
39051,42126,2091
39053,29898,498
39055,93649,14134
39057,168937,4975
39059,38875,1646
39061,817473,126242
39063,75783,2926
39065,31365,2544
39067,15040,442
39069,27006,664
39071,43161,1127
39073,28264,2586
39075,43960,1576
39077,58266,2838
39079,32413,596
39081,65325,3594
39083,62322,1420
39085,230149,15881
39087,59463,1784
39089,176862,12445
39091,45672,1836
39093,309833,37182
39095,428348,113895
39097,44731,6596
39099,228683,75318
39101,65093,145318
39103,179746,16917
39105,22907,251
39107,41172,7621
39109,106987,18151
39111,13654,2547
39113,531687,33077
39115,14508,309
39117,35328,4994
39119,86215,2114
39121,14424,316
39123,40525,4217
39125,18672,674
39127,36134,1019
39129,58457,112091
39131,27772,340
39133,162466,18774
39135,40882,2006
39137,33861,4513
39139,121154,9390
39141,76666,3501
39143,58518,3550
39145,75314,824
39147,55178,1186
39149,48590,2514
39151,370606,35822
39153,541013,65847
39155,197974,29276
39157,91987,14233
39159,58988,2346
39161,28275,332
39163,13085,767
39165,234602,17448
39167,59911,6811
39169,115710,12824
39171,36692,2610
39173,130817,14456
39175,21772,2071
0,0,36
40001,22194,4781
40003,5702,64
40005,13758,146
40007,5311,1078
40009,21859,354
40011,9429,217
40013,47995,1229
40015,28762,7048
40017,148306,7701
40019,48111,1302
40021,48657,2003
40023,14672,1819
40025,2137,56
40027,284014,31307
40029,5495,83
40031,120749,12364
40033,5666,364
40035,14142,849
40037,71522,5987
40039,29003,1126
40041,43009,6191
40043,4891,137
40045,3859,0
40047,61056,1469
40049,27711,1128
40051,55834,4090
40053,4333,140
40055,5712,4361
40057,2653,0
40059,3688,56
40061,12627,291
40063,13279,46
40065,24530,1328
40067,6002,180
40069,11085,189
40071,43538,3801
40073,15765,632
40075,8708,335
40077,10073,356
40079,49853,799
40081,34877,1207
40083,48011,1153
40085,10253,541
40087,40474,5089
40089,32832,2169
40091,19596,464
40093,7629,302
40095,16931,344
40097,41100,1899
40099,14073,182
40101,67997,2695
40103,11131,533
40105,10076,1437
40107,11993,164
40109,797434,69082
40111,38465,1399
40113,46963,5899
40115,31127,2255
40117,16376,2289
40119,81784,3331
40121,43654,2242
40123,38284,897
40125,72592,3548
40127,11096,124
40129,3583,0
40131,92459,4472
40133,24258,1260
40135,41569,968
40137,43143,1956
40139,19983,33640
40141,7250,966
40143,651552,54735
40145,81289,9144
40147,51527,18242
40149,10916,56
40151,8793,186
40153,20211,201
0,0,0
41001,16124,41
41003,93053,3220
41005,418187,18877
41007,40224,1884
41009,52354,1071
41011,64487,1489
41013,24404,200
41015,22925,340
41017,197692,7008
41019,110980,1776
41021,1912,0
41023,7199,88
41025,7393,49
41027,23382,1298
41029,220944,4180
41031,24658,1615
41033,87487,1620
41035,68238,2778
41037,7869,51
41039,382067,4447
41041,49962,2034
41043,129749,7244
41045,30571,1251
41047,347818,50196
41049,11603,658
41051,812855,63005
41053,86085,5237
41055,1780,72
41057,27036,430
41059,77950,5726
41061,26835,514
41063,7208,117
41065,26682,1335
41067,601592,43707
41069,1332,0
41071,107100,3996
0,0,2
42001,103009,12069
42003,1216045,109050
42005,64735,3656
42007,163929,31748
42009,47888,1989
42011,421164,214945
42013,121829,2298
42015,60323,2569
42017,628270,257235
42019,187853,14369
42021,130192,2824
42023,4447,122
42025,64182,13632
42027,162385,8491
42029,524989,132599
42031,38438,1626
42033,79255,1915
42035,38632,2589
42037,64964,20068
42039,84629,1576
42041,253370,30694
42043,278299,60657
42045,566747,329285
42047,29910,310
42049,269728,12122
42051,129274,5902
42053,7247,483
42055,155027,33382
42057,14530,621
42059,36233,1925
42061,45144,9316
42063,84073,5116
42065,43425,509
42067,24763,5808
42069,209674,79265
42071,545724,158816
42073,85512,4947
42075,141793,53430
42077,369318,218651
42079,317417,163545
42081,113299,7625
42083,40625,574
42085,109424,5729
42087,46138,3015
42089,170271,84606
42091,830915,370341
42093,18230,3530
42095,305285,167417
42097,90843,9091
42099,46272,2794
42101,1584064,1003900
42103,55809,28597
42105,16526,393
42107,141359,32123
42109,40372,2535
42111,73447,2077
42113,6066,123
42115,40328,6204
42117,40591,1129
42119,44923,3161
42121,50668,620
42123,39191,168
42125,206865,8640
42127,51361,7346
42129,348899,27894
42131,26794,1791
42133,449058,54079
0,0,100157
44001,48479,11010
44003,164292,51874
44005,82082,12751
44007,638931,533216
44009,125577,26134
0,0,6
45001,24527,2359
45003,170872,9563
45005,8688,1596
45007,202558,14088
45009,14066,1252
45011,20866,2136
45013,192122,23023
45015,227907,14078
45017,14553,802
45019,411406,39951
45021,57300,2066
45023,32244,3560
45025,45650,7814
45027,33745,16431
45029,37677,4487
45031,66618,13161
45033,30479,6911
45035,162809,9074
45037,27260,2541
45039,22347,7399
45041,138293,30314
45043,62680,4268
45045,523542,80112
45047,70811,6293
45049,19222,1969
45051,354081,25154
45053,30073,2037
45055,66551,20827
45057,98012,8605
45059,67493,3633
45061,16828,8935
45063,298750,36166
45065,9463,503
45067,30657,3295
45069,26118,6380
45071,38440,2853
45073,79546,2649
45075,86175,9219
45077,126884,7285
45079,415759,82782
45081,20473,6069
45083,319785,30060
45085,106721,21956
45087,27316,2179
45089,30368,9809
45091,280979,21101
0,0,0
46003,2751,758
46005,18453,8741
46007,3365,1
46009,6901,398
46011,35077,1041
46013,38839,10371
46015,5297,58
46017,1962,600
46019,10429,0
46021,1376,0
46023,9292,725
46025,3736,211
46027,14070,1080
46029,28009,1663
46031,4086,195
46033,8972,16
46035,19775,812
46037,5424,522
46039,4351,80
46041,5892,15
46043,2921,105
46045,3829,52
46047,6713,205
46049,2299,190
46051,7052,395
46053,4185,16
46055,1899,0
46057,6164,241
46059,3191,109
46061,3453,32
46063,1298,0
46065,17526,954
46067,7291,276
46069,1301,79
46071,3344,83
46073,2013,1099
46075,903,0
46077,4939,64
46079,12797,422
46081,25844,745
46083,61128,12167
46085,3781,638
46087,5586,296
46089,2379,112
46091,4935,113
46093,28332,628
46095,2061,3
46097,2216,91
46099,193134,170794
46101,6576,781
46102,14177,898
46103,113775,7542
46105,2865,0
46107,2153,0
46109,10394,1319
46111,2344,441
46115,6376,276
46117,3098,448
46119,1391,16
46121,10177,1042
46123,5441,165
46125,8384,1218
46127,15932,3613
46129,5435,315
46135,22814,2655
46137,2756,53
0,0,25663
47001,76978,2358
47003,49713,14588
47005,16160,458
47007,15064,32570
47009,133088,5224
47011,108110,6810
47013,39842,1160
47015,14678,1193
47017,27767,1559
47019,56391,1008
47021,40667,5541
47023,17297,760
47025,31959,560
47027,7615,421
47029,36004,1169
47031,56520,3539
47033,14230,697
47035,60520,6273
47037,694144,256764
47039,11663,349
47041,20490,1814
47043,53948,6095
47045,37159,3059
47047,41133,6188
47049,18523,516
47051,42208,2855
47053,49133,3468
47055,29464,708
47057,23320,538
47059,69069,3157
47061,13427,2069
47063,64934,1879
47065,367804,33326
47067,6620,28
47069,25050,7731
47071,25652,795
47073,56786,2165
47075,17304,1726
47077,28117,686
47079,32345,1358
47081,25178,2821
47083,8201,426
47085,18582,781
47087,11786,807
47089,54495,1765
47091,17788,735
47093,470313,21976
47095,7016,18839
47097,25633,2498
47099,44142,1703
47101,12268,209
47103,34366,1378
47105,54068,5693
47107,53794,6554
47109,25694,927
47111,24602,6028
47113,97984,9678
47115,28907,2442
47117,34375,1755
47119,96387,4918
47121,12422,1158
47123,46545,2755
47125,208993,13883
47127,6488,205
47129,21403,804
47131,30069,1613
47133,22241,1201
47135,8076,961
47137,5048,100
47139,16832,886
47141,80245,19326
47143,33167,5675
47145,53382,843
47147,71813,20557
47149,332285,57604
47151,22068,811
47153,15026,658
47155,98250,5167
47157,937166,252874
47159,20157,1714
47161,13715,581
47163,158348,3907
47165,191283,52812
47167,61599,19261
47169,11284,64297
47171,17883,874
47173,19972,268
47175,5872,178
47177,41277,1023
47179,129375,4601
47181,16673,2137
47183,33328,1426
47185,27345,1347
47187,238412,34893
47189,144657,22179
0,0,78
48001,57735,3200
48003,18705,1515
48005,86715,8692
48007,23510,231
48009,8553,50
48011,1887,115
48013,51153,1780
48015,30032,1316
48017,7000,594
48019,23112,361
48021,88723,9275
48023,3509,11
48025,32565,633
48027,362924,18939
48029,2003554,142403
48031,11931,506
48033,654,0
48035,18685,319
48037,93245,10050
48039,374264,46564
48041,229211,23807
48043,9203,65
48045,1546,45
48047,7093,57
48049,37864,2788
48051,18443,1285
48053,48155,1909
48055,43664,2678
48057,21290,2283
48059,13943,391
48061,423163,38974
48063,13094,2399
48065,5926,236
48067,30026,1319
48069,7530,1729
48071,43837,3794
48073,52646,1959
48075,7306,121
48077,10471,230
48079,2853,54
48081,3387,55
48083,8175,104
48085,1034730,68811
48087,2920,174
48089,21493,1126
48091,156209,5288
48093,13635,425
48095,2726,67
48097,41257,740
48099,75951,12659
48101,1398,178
48103,4797,716
48105,3464,38
48107,5737,160
48109,2171,0
48111,7287,1060
48113,2635516,459726
48115,12728,2068
48117,18546,6351
48119,5331,82
48121,887207,72068
48123,20160,1169
48125,2211,75
48127,10124,66
48129,3278,1740
48131,11157,236
48133,18360,345
48135,166223,7955
48137,1932,0
48139,184826,15618
48141,839238,117110
48143,42698,1161
48145,17297,411
48147,35514,1789
48149,25346,1757
48151,3830,60
48153,5712,431
48155,1155,0
48157,811688,97722
48159,10725,553
48161,19717,462
48163,20306,1717
48165,21492,336
48167,342139,48687
48169,6229,209
48171,26988,240
48173,1409,50
48175,7658,453
48177,20837,4572
48179,21886,4716
48181,136212,11607
48183,123945,9826
48185,28880,6088
48187,166847,7155
48189,33406,2718
48191,2964,50
48193,8461,430
48195,5399,797
48197,3933,56
48199,57602,7737
48201,4713325,615065
48203,66553,11062
48205,5576,494
48207,5658,82
48209,230191,17180
48211,3819,73
48213,82737,2802
48215,868707,31212
48217,36649,1383
48219,23021,1602
48221,61643,1555
48223,37084,991
48225,22968,3185
48227,36664,420
48229,4886,110
48231,98594,4627
48233,20938,1599
48235,1536,14
48237,8935,249
48239,14760,896
48241,35529,1362
48243,2274,0
48245,251565,30418
48247,5200,183
48249,40482,492
48251,175817,8039
48253,20083,13323
48255,15601,252
48257,136154,9941
48259,47431,1569
48261,404,0
48263,762,0
48265,52600,729
48267,4337,39
48269,272,0
48271,3667,17
48273,30680,806
48275,3664,70
48277,49859,5967
48279,12893,615
48281,21428,414
48283,7520,166
48285,20154,648
48287,17239,725
48289,17404,539
48291,88219,4477
48293,23437,1300
48295,3233,147
48297,12207,448
48299,21795,240
48301,169,0
48303,310569,40939
48305,5951,464
48307,7984,201
48309,256623,7528
48311,743,0
48313,14284,378
48315,9854,826
48317,5771,195
48319,4274,1444
48321,36643,4546
48323,58722,4347
48325,51584,4400
48327,2138,0
48329,176832,7288
48331,24823,1516
48333,4873,28
48335,8545,75
48337,19818,518
48339,607391,51110
48341,20940,31148
48343,12388,936
48345,1200,64
48347,65204,13737
48349,50113,2775
48351,13595,251
48353,14714,114
48355,362294,13063
48357,9836,1953
48359,2112,250
48361,83396,5502
48363,29189,638
48365,23194,8939
48367,142878,3648
48369,9605,2405
48371,15823,2476
48373,51353,2603
48375,117415,94965
48377,6704,32
48379,12514,171
48381,137713,28942
48383,3849,38
48385,3452,11
48387,12023,2132
48389,15976,235
48391,6948,126
48393,854,120
48395,17074,479
48397,104915,7676
48399,10264,94
48401,54406,2946
48403,10542,358
48405,8237,1796
48407,28859,810
48409,66730,1529
48411,6055,31
48413,2793,3
48415,16703,544
48417,3265,40
48419,25274,9824
48421,3022,1199
48423,232751,12394
48425,9128,12
48427,64633,1733
48429,9366,146
48431,1291,0
48433,1350,0
48435,3776,0
48437,7397,836
48439,2102515,252575
48441,138034,13585
48443,776,0
48445,12337,836
48447,1501,0
48449,32750,13125
48451,119200,4120
48453,1273954,161819
48455,14651,792
48457,21672,594
48459,41753,1301
48461,3657,1
48463,26741,659
48465,49025,1042
48467,56590,1585
48469,92084,9792
48471,72971,43737
48473,55246,3006
48475,11998,39
48477,35882,10297
48479,276652,30197
48481,41556,3389
48483,5056,676
48485,132230,5523
48487,12769,246
48489,21358,1241
48491,590551,29325
48493,51070,2295
48495,8010,193
48497,69984,2129
48499,45539,1399
48501,8713,163
48503,18010,364
48505,14179,534
48507,11840,411
0,0,232
49001,6710,1
49003,56046,1988
49005,128289,13523
49007,20463,538
49009,950,0
49011,355481,26643
49013,19938,492
49015,10012,376
49017,5051,193
49019,9754,373
49021,54839,3539
49023,12017,526
49025,7886,225
49027,13188,369
49029,12124,731
49031,1479,62
49033,2483,4
49035,1160437,256533
49037,15308,11557
49039,30939,507
49041,21620,520
49043,42145,29179
49045,72259,6266
49047,35734,584
49049,636235,93291
49051,34091,14728
49053,177556,14547
49055,2711,0
49057,260213,15530
0,0,573
50001,36777,4595
50003,35470,3913
50005,29993,978
50007,163774,32603
50009,6163,152
50011,49402,6695
50013,7235,329
50015,25362,1982
50017,28892,587
50019,27037,744
50021,58191,3553
50023,58409,2673
50025,42222,5263
50027,55062,3340
0,0,0
51001,32316,35700
51003,109330,9617
51005,14860,798
51007,13145,1412
51009,31605,1329
51011,15911,1474
51013,236842,97487
51015,75558,4943
51017,4147,0
51019,78997,2896
51021,6280,0
51023,33419,2199
51025,16231,1398
51027,21004,1023
51029,17148,18402
51031,54885,970
51033,30725,3035
51035,29791,3694
51036,6963,1383
51037,11880,1020
51041,352802,67026
51043,14619,1192
51045,5131,265
51047,52605,25349
51049,9932,1536
51051,14318,0
51053,28544,2899
51057,10953,1758
51059,1147532,462685
51061,71222,13430
51063,15749,255
51065,27270,5288
51067,56042,1957
51069,89313,14640
51071,16720,310
51073,37348,1956
51075,23753,5615
51077,15550,1373
51079,19819,1378
51081,11336,5812
51083,33911,1528
51085,107766,13785
51087,330818,85296
51089,50557,4232
51091,2190,106
51093,37109,7438
51095,76523,13573
51097,7025,562
51099,26836,3155
51101,17148,1048
51103,10603,416
51105,23423,603
51107,413538,105050
51109,37591,4126
51111,12196,555
51113,13261,1667
51115,8834,318
51117,30587,9924
51119,10582,628
51121,98535,4358
51125,14930,787
51127,23091,1945
51131,11710,9790
51133,12095,1038
51135,15232,1484
51137,37051,4181
51139,23902,9238
51141,17608,674
51143,60354,1718
51145,29652,1590
51147,22802,5469
51149,38353,4792
51153,470335,224774
51155,34027,905
51157,7370,581
51159,9023,12287
51161,94186,4956
51163,22573,763
51165,81948,23552
51167,26586,380
51169,21566,418
51171,43616,17525
51173,30104,960
51175,17631,7495
51177,136215,22291
51179,152882,30281
51181,6422,446
51183,11159,5428
51185,40595,447
51187,40164,6936
51191,53740,2971
51193,18015,2829
51195,37383,1485
51197,28684,1233
51199,68280,4250
51510,159428,85112
51520,16762,188
51530,6478,588
51540,47266,5571
51550,244835,25002
51570,17370,4441
51580,5538,153
51590,40044,2948
51595,5346,3289
51600,24019,2736
51610,14617,2427
51620,7967,1871
51630,29036,6068
51640,6347,4443
51650,134510,10461
51660,53016,37516
51670,22529,3840
51678,7446,369
51680,82168,4541
51683,41085,39380
51685,17478,11590
51690,12554,1090
51700,179225,13434
51710,242742,22999
51720,3981,117
51730,31346,5156
51735,12271,519
51740,94398,14417
51750,18249,276
51760,230436,53652
51770,99143,7470
51775,25301,1720
51790,24932,1766
51800,92108,15001
51810,449974,37072
51820,22630,1777
51830,14954,2429
51840,28078,7203
0,0,19960
53001,19983,3934
53003,22582,1131
53005,204390,42904
53007,77200,11383
53009,77331,1501
53011,488241,28102
53013,3985,95
53015,110593,4295
53017,43429,7671
53019,7627,83
53021,95222,29918
53023,2225,0
53025,97733,13199
53027,75061,1030
53029,85141,13417
53031,32221,2310
53033,2252782,514659
53035,271473,11684
53037,47935,3314
53039,22425,1685
53041,80707,2235
53043,10939,159
53045,66768,2113
53047,42243,2291
53049,22471,443
53051,13724,157
53053,904980,112804
53055,17582,1033
53057,129205,26919
53059,12083,218
53061,822083,200265
53063,522798,33248
53065,45723,733
53067,290536,9129
53069,4488,220
53071,60760,5784
53073,229247,25409
53075,50104,1196
53077,250873,159105
0,0,0
54001,16441,446
54003,119171,15092
54005,21457,496
54007,13957,125
54009,21939,242
54011,91945,3454
54013,7109,60
54015,8508,155
54017,8448,0
54019,42406,2010
54021,7823,387
54023,11568,412
54025,34662,515
54027,23175,1049
54029,28810,930
54031,13776,1440
54033,67256,2576
54035,28576,8173
54037,57146,8150
54039,178124,12807
54041,15907,326
54043,20409,228
54045,32019,1005
54047,17624,407
54049,56072,3308
54051,30531,1457
54053,26516,927
54055,58758,810
54057,26868,1852
54059,23424,275
54061,105612,8236
54063,13275,386
54065,17884,974
54067,24496,409
54069,41411,2551
54071,6969,430
54073,7460,186
54075,8247,580
54077,33432,1121
54079,56450,1926
54081,73361,851
54083,28695,2955
54085,9554,49
54087,13688,464
54089,12573,67
54091,16695,493
54093,6839,328
54095,8591,205
54097,24176,379
54099,39402,5875
54101,8114,0
54103,15065,409
54105,5821,229
54107,83518,2959
54109,20394,118
0,0,1
55001,20220,294
55003,15562,153
55005,45244,810
55007,15036,246
55009,264542,105807
55011,13031,346
55013,15414,37
55015,50089,2940
55017,64658,2670
55019,34774,1815
55021,57532,2627
55023,16131,1050
55025,546695,41128
55027,87839,9583
55029,27668,1682
55031,43150,987
55033,45368,1225
55035,104646,4744
55037,4295,143
55039,103403,9558
55041,9004,760
55043,51439,4188
55045,36960,2619
55047,18913,682
55049,23678,754
55051,5687,147
55053,20643,983
55055,84769,4876
55057,26687,1254
55059,169561,51020
55061,20434,1593
55063,118016,3316
55065,16665,1062
55067,19189,84
55069,27593,194
55071,78981,1481
55073,135692,2406
55075,40350,1372
55077,15574,271
55078,4556,141
55079,945726,347309
55081,46253,1103
55083,37930,1627
55085,35595,573
55087,187885,9581
55089,89221,8911
55091,7287,33
55093,42754,1770
55095,43783,828
55097,70772,993
55099,13351,92
55101,196311,64125
55103,17252,835
55105,163354,26409
55107,14178,317
55109,90687,3302
55111,64442,4478
55113,16558,329
55115,40899,1927
55117,115340,5141
55119,20343,48
55121,29649,1002
55123,30822,633
55125,22195,396
55127,103868,17477
55129,15720,99
55131,136034,11459
55133,404198,34817
55135,50990,1563
55137,24443,394
55139,171907,11162
55141,72999,463
0,0,0
56001,38880,931
56003,11790,235
56005,46341,1566
56007,14800,717
56009,13822,1148
56011,7584,328
56013,39261,12470
56015,13211,293
56017,4413,355
56019,8445,1020
56021,99500,9356
56023,19830,697
56025,79858,3928
56027,2356,96
56029,29194,128
56031,8393,26
56033,30485,1124
56035,9831,136
56037,42343,1330
56039,23464,5758
56041,20226,965
56043,7805,1189
56045,6927,20
